,% Smokers,% Adults with Obesity,Food Environment Index,% Physically Inactive,% With Access to Exercise Opportunities,% Excessive Drinking,% Driving Deaths with Alcohol Involvement,Chlamydia Rate,Teen Birth Rate,% Uninsured,Primary Care Physicians Rate,Dentist Rate,Mental Health Provider Rate,% With Annual Mammogram,% Vaccinated,% Fair or Poor Health,% Low birthweight,% Completed High School,% Some College,% Unemployed,% Children in Poverty,Income Ratio,Violent Crime Rate,Social Association Rate,Average Daily PM2.5,Injury Death Rate,% Severe Housing Problems,% Drive Alone to Work,% Long Commute - Drives Alone,% Less Than 18 Years of Age,% 65 and Over,% Black,% Asian,% Native Hawaiian/Other Pacific Islander,% American Indian & Alaska Native,% Hispanic,% Non-Hispanic White,% Not Proficient in English,% Homeowners,% Broadband Access,% Enrolled in Free or Reduced Lunch,Median Household Income,% Insufficient Sleep,% Limited Access to Healthy Foods,% Food Insecure,% Adults with Diabetes,% Frequent Mental Distress,% Frequent Physical Distress,Life Expectancy,cig_tax_2017,cig_tax_2018,cig_tax_2019,cig_tax_2020,cig_tax_2021
% Smokers,1.0,0.5195730828645747,-0.5329218188387923,0.6652001502414218,-0.49277753497390436,-0.36278489009977644,-0.008968704544945166,0.07084609475528314,0.6071653545469434,0.11706311154148503,-0.396181888433734,-0.42163133035039596,-0.2035923974890964,-0.23730187833504315,-0.321864034956943,0.7020505779091667,0.36322246968907473,-0.47866375197883404,-0.658161733992788,0.4353021135018635,0.6507093285922447,0.2886179664244868,0.05442275159588211,0.07347216440471195,0.2112974437795424,0.5023305274174685,-0.15926861204579038,0.2934105194994408,0.06374007174579073,-0.06168390392660152,0.1920830463554163,0.14512184376567056,-0.460657147528952,-0.13485381234487165,0.1852864730702401,-0.36008897958245223,0.15891183171326423,-0.3424056975054823,0.12566330063936418,-0.6761927889251504,0.48902545029056493,-0.7322842608010216,0.6236928051950481,0.1248489216935748,0.6450355287872961,0.562975305718498,0.8512553884839267,0.7855713005725934,-0.7333890941371579,-0.21581738844892326,-0.24059752607826607,-0.24059752607826607,-0.23452926709921995,-0.26661226509438474
% Adults with Obesity,0.5195730828645747,1.0,-0.32386625799431557,0.5846425007082795,-0.3716815918461879,-0.2891810634696674,0.010434553147087864,0.1982829541845269,0.3783626701413766,0.04994708089431539,-0.3285681547607149,-0.3136044461087136,-0.23295258028796145,-0.05393069504289801,-0.14589639224860998,0.43747463609325626,0.3031874550137832,-0.30686221587726953,-0.3867127298898247,0.2604506572700975,0.3953948570064525,0.14594362359135532,0.10870259528519456,0.08079943377862356,0.21932567549843612,0.1985004538230506,-0.18125380295207405,0.4003085734812441,0.0533860559070392,0.17705951270068435,-0.05633550006275447,0.3218890534140903,-0.33261216029429586,-0.09988436363876813,0.07869778099026142,-0.19684631965556523,-0.06166985115488944,-0.195701447126173,0.056003991968018835,-0.4171053572434024,0.36911475296911606,-0.4351350866444059,0.4354268576260255,0.08618559992573421,0.38560835503080154,0.5538385650738827,0.44858332191391,0.42600199556239016,-0.5313800093344073,-0.17500706338466127,-0.20767656217356295,-0.20767656217356295,-0.21793674094759774,-0.2584562859840938
Food Environment Index,-0.5329218188387923,-0.3238662579943155,1.0,-0.4719818785931866,0.335756148730262,0.5401826887105321,0.05794456992963662,-0.37494380405497896,-0.6492416459451433,-0.4147730910833724,0.2228318287105422,0.20784859420777857,-0.019730554491675985,0.47906746509739107,0.42903959849818984,-0.7510900541040948,-0.4871017835300732,0.5269021066569918,0.5123821256989933,-0.49235148891746955,-0.7634948893081993,-0.49455678455290136,-0.3183024273471896,0.1429126987820511,-0.11325171741554971,-0.414323695807593,-0.2634267721441658,-0.10266423699574344,0.12176847684334123,-0.05457075635515141,-0.059863262367532255,-0.3530377353336441,0.23934892185128076,0.010622796993665732,-0.2663237427310199,-0.11482912913897005,0.37517244860180937,-0.013520361903678918,0.24139238518089864,0.5994819744393293,-0.666136460927753,0.690374265946266,-0.46218421872939747,-0.7211624788760598,-0.8775277758636331,-0.4437347679622361,-0.6481817725042208,-0.7379324668851939,0.6138554546318229,0.25173269109052315,0.23633944467703116,0.23633944467703116,0.23984096516017644,0.25628352781192326
% Physically Inactive,0.6652001502414218,0.5846425007082796,-0.4719818785931865,0.9999999999999999,-0.4539517577046824,-0.4291756092494811,-0.09221135078188744,0.129323896872721,0.5564308320632517,0.24561853474247305,-0.38520597787254035,-0.3969097593666363,-0.25674031240138695,-0.239502274523503,-0.2566858149266324,0.6068072489582745,0.38879917311433015,-0.4692049957990786,-0.561985887086029,0.26396834840609845,0.5534448916854555,0.24279920443592787,0.13867267015471704,0.05891472962087603,0.2858439356441501,0.33103475610090227,-0.1312557947461185,0.3308116980180951,0.11778010272805275,0.06550602706960999,0.11971591467545326,0.2891612458288305,-0.34016356389994534,-0.10498197529577771,0.024639219252048893,-0.17053131493580626,-0.03761547512968943,-0.15634914618416965,0.08382753202333884,-0.556027144446702,0.4950840128360364,-0.570054145244513,0.5444019385407068,0.12281418808539307,0.5641534792844617,0.6077318883668926,0.6211603534923114,0.598909497678039,-0.6499661347040439,-0.2877314869377776,-0.2915828344683649,-0.2915828344683649,-0.29012386615527763,-0.34556956716487786
% With Access to Exercise Opportunities,-0.49277753497390436,-0.3716815918461879,0.335756148730262,-0.4539517577046824,0.9999999999999998,0.2921901898108511,0.019747762786529226,0.04904401929216148,-0.3698216583555389,-0.26540081320511694,0.4373309834594878,0.49529499445536274,0.33225715747094187,0.24018576875403722,0.32619111684623947,-0.45822079896526646,-0.21050910248858593,0.3951075026145269,0.5017631359178208,-0.15361010899985494,-0.3988412808909154,-0.15126247874814136,0.08090039117913829,-0.038341523219812074,-0.11503078131267377,-0.2762723728457787,0.21148709066553,-0.19424228867906485,-0.19802607166264705,-0.06956814720392192,-0.14769395453784762,-0.15811611068719292,0.37818727561893983,0.08771792357670341,-0.10132558770450593,0.12931803886609963,-0.012164009702412668,0.19173266989304122,-0.28857918230675533,0.5537243269639341,-0.3366232985770234,0.4519136994773076,-0.28996107161596174,-0.10827703052839706,-0.3875777712904169,-0.4083563934679948,-0.4680574150959293,-0.4601310565051866,0.41404696928725615,0.24450496732225738,0.2513350140150006,0.2513350140150006,0.24780200593734086,0.277751853073972
% Excessive Drinking,-0.36278489009977644,-0.2891810634696674,0.5401826887105321,-0.4291756092494811,0.29219018981085115,0.9999999999999999,0.1984321544817361,-0.3003929711887002,-0.5144507848151985,-0.3630450390362395,0.18953359789453592,0.20931106793356571,0.010063979700551156,0.44940764532115046,0.17151182623753275,-0.6827400044360553,-0.530246920195158,0.5321296228223422,0.4312540815893511,-0.2361972668311482,-0.5359698773270335,-0.36178569543586947,-0.237993786209742,0.2372092437472034,-0.34819808591140256,-0.23139052215751219,-0.17746518335776945,-0.17412888296328605,-0.11912528544525415,-0.18697711511828205,0.19139082446626213,-0.4116362395737746,0.056675232480771054,0.010554307181890089,-0.027363887023538973,-0.0937153938802703,0.3583983311557454,-0.09053810812507253,0.198037983741593,0.3983493813046779,-0.5375320753755376,0.38842539517195157,-0.6123435460767045,-0.16743221236153863,-0.6287129124386617,-0.43159639911308945,-0.6213693153031135,-0.6385461056729623,0.533165422771219,0.41410546265287645,0.36668445300057534,0.36668445300057534,0.3738125538795298,0.38931955871605733
% Driving Deaths with Alcohol Involvement,-0.008968704544945168,0.010434553147087864,0.05794456992963662,-0.09221135078188746,0.019747762786529226,0.19843215448173612,0.9999999999999999,0.02594013408252097,-0.08294124670677214,-0.13176413490708194,0.021581742569787538,0.06448589625023916,0.0679316330141153,0.08034099341271683,-0.04553364113200292,-0.09713392753732851,-0.05300950476757255,0.12189999893408937,0.06888590156882003,0.07814859728424901,-0.042669786280017837,-0.04130474071366779,-0.03256403213251833,0.006907844308258151,-0.13302426981615922,0.08988765305075316,-0.0007144102168077164,-0.048855484702800184,-0.00223600476996291,-0.0626320849808291,0.06528172645551873,-0.01845514060389071,-0.026216984643326714,0.021711087736434796,0.16976648938264718,-0.08921937091376671,0.02092223352276737,-0.08743310273823901,0.04234063362767545,0.05074504025640715,-0.06183236276671642,0.02505056980046309,-0.09241919799768014,-0.007400645086122551,-0.08033813855766304,-0.03130490009096723,-0.06290261880553422,-0.06148703625753415,0.03384262787523106,0.07525204814462236,0.07966435697733962,0.07966435697733962,0.08536593814517286,0.09509248668076996
Chlamydia Rate,0.07084609475528314,0.1982829541845269,-0.37494380405497896,0.129323896872721,0.04904401929216147,-0.3003929711887002,0.025940134082520966,1.0,0.29723199988128,0.16262776409985769,0.09266601149239055,0.1849844712185634,0.2044424119923157,-0.08138649220132607,0.02715302062618709,0.3353453074946864,0.525798041860869,-0.21644614042859778,-0.05880071439973255,0.12535590298558272,0.41282157884021,0.44030059729570303,0.5740805802560589,-0.13206682401764622,0.21251715159123397,0.0018857228834233933,0.4457649381976652,0.010203084749080651,-0.09151553688035456,0.17175212294566722,-0.39128229817462623,0.6899074368873463,0.14571688282545184,0.04241688631010098,0.20941647033895422,0.1314569377560407,-0.6727248656996121,0.15193197757779203,-0.6232777599648255,-0.16557135102683734,0.4481146887314176,-0.1980620005387897,0.28059039144701386,0.2481188435158854,0.3442226189490059,0.19767106644070997,0.14302760652968263,0.2307421009151885,-0.2972316637007375,-0.16605495147764668,-0.16003628387078125,-0.16003628387078125,-0.1563491151931176,-0.1597748129707402
Teen Birth Rate,0.6071653545469435,0.3783626701413766,-0.6492416459451432,0.5564308320632517,-0.3698216583555388,-0.5144507848151985,-0.08294124670677214,0.29723199988127996,0.9999999999999999,0.48466920842071204,-0.34501959838461865,-0.28975700693227047,-0.1279998953271057,-0.5180490483757901,-0.4187557774989006,0.7950011675968189,0.4501446878074065,-0.7044418416513993,-0.6884891828577857,0.35137338846137284,0.71225777648985,0.3175535116410866,0.3028345873746202,-0.08139694569016272,0.15955745655953213,0.41764632329402374,0.057574174052259106,0.2123402881552078,-0.09507018448339123,0.3139168871112897,-0.04368945217266656,0.22875439760929622,-0.276038786000192,-0.009456535475643837,0.22676906727976476,0.22178284328032816,-0.33807859970707066,0.1418295792505758,-0.12971407008229718,-0.6118072367201266,0.6812186811370764,-0.631022731236863,0.478378935809164,0.26884952013460045,0.7072685392156939,0.4826834176602252,0.6451100571862676,0.7365269554028794,-0.6975355579038374,-0.3192189857588476,-0.29461369708635127,-0.29461369708635127,-0.2882133301121801,-0.314444303495755
% Uninsured,0.11706311154148503,0.04994708089431539,-0.4147730910833724,0.24561853474247303,-0.265400813205117,-0.3630450390362395,-0.13176413490708194,0.16262776409985769,0.48466920842071204,1.0,-0.22498665399936102,-0.2512562347549393,-0.2033660777544367,-0.42916886867444953,-0.2554814588813238,0.46751097082657994,0.20884364229243899,-0.5430366639546668,-0.4645747484192411,-0.06164328045991716,0.38656302935064396,0.14729008296904647,0.17378087611126303,-0.14620804115931985,0.0518206905362962,0.12557519663580102,0.18738064275554048,-0.03514439052086031,-0.009592803642329199,0.2252829666401069,-0.02312294181107726,0.16587626013213352,-0.14538337257676426,-0.011245017694263646,0.197105991870651,0.4344019608997955,-0.45041007782723397,0.373316900817106,-0.08058884134606992,-0.33952323780684096,0.45931300466369085,-0.3215483649285799,0.1689650606209237,0.23789020394995508,0.40797363865901687,0.1982143965344073,0.2519059252823848,0.3516133996324727,-0.23336004068543997,-0.40762616772841404,-0.40999209522234753,-0.40999209522234753,-0.4273166687619103,-0.43754923379300287
Primary Care Physicians Rate,-0.396181888433734,-0.3285681547607149,0.2228318287105422,-0.38520597787254035,0.4373309834594878,0.1895335978945359,0.021581742569787538,0.09266601149239057,-0.34501959838461865,-0.22498665399936105,1.0,0.6091348927459627,0.4331738267696107,0.26633688498262315,0.2635332001410017,-0.3754849702512581,-0.11340818788315167,0.3643641105437985,0.4881491416969783,-0.17649842889625394,-0.2675343227818547,0.044363209113798395,0.07508498258577656,0.08717072069618037,-0.13240657403466324,-0.1417906599432206,0.16593957436625126,-0.2361042809670766,-0.30716428069367613,-0.11100772097648515,-0.056319044385401515,-0.03566342333532156,0.3342267383105613,0.0532439440017661,-0.027540026166255418,-0.025451712781903918,-0.007479062206486931,0.04153988757410773,-0.3080478752590226,0.3731926355777779,-0.2710452716707454,0.3132692713302839,-0.2648858758736736,-0.06073513751669093,-0.26308564470448786,-0.30337125380810137,-0.36116739724533614,-0.3670170062895665,0.30965750746989174,0.15021540612471268,0.14533696176021232,0.14533696176021232,0.1334962921478745,0.16383026054210795
Dentist Rate,-0.42163133035039596,-0.3136044461087136,0.20784859420777857,-0.3969097593666363,0.49529499445536274,0.20931106793356574,0.06448589625023916,0.18498447121856337,-0.28975700693227047,-0.2512562347549393,0.6091348927459627,1.0,0.4894650788832886,0.2112903684473259,0.24695217886699286,-0.36329946288090775,-0.14221730545807404,0.37009220340036075,0.46993729310730853,-0.12418072825248659,-0.2661052065878705,0.007254073961125344,0.1167700527051632,0.01995115479311665,-0.16130780377956652,-0.15260713420016606,0.26137998880214647,-0.2740343669227208,-0.2976532976731501,-0.025581482538730334,-0.14820593816012786,-0.0443474950093324,0.3789876323959784,0.10324535302378951,0.08226618368076657,0.05746858509642264,-0.10404916505799562,0.11794053885486684,-0.3984396272593098,0.41980895056440937,-0.21971534351099717,0.3246406687869463,-0.25118065337628753,-0.02183454984379994,-0.2703055473133464,-0.3334659904241485,-0.3840236834154677,-0.3529488850143982,0.2959183178610432,0.1859041839502838,0.21787877100812147,0.21787877100812147,0.20913526971035853,0.240016851260479
Mental Health Provider Rate,-0.20359239748909644,-0.23295258028796145,-0.019730554491675985,-0.25674031240138695,0.33225715747094187,0.010063979700551156,0.06793163301411528,0.2044424119923157,-0.1279998953271057,-0.20336607775443669,0.43317382676961075,0.48946507888328866,1.0,0.015086460235576405,0.12266916157303273,-0.13423252208052572,-0.0034829376674595353,0.19449839367193042,0.2701370667866882,0.04457877256445417,-0.05594451951974099,0.1356445820964962,0.1570974772124436,-0.06469352527608735,-0.11237260386989709,0.021865376617590488,0.28566915863555886,-0.22157786525748094,-0.23327610870151586,-0.1164827890363302,-0.09943607985495083,-0.023906838712619494,0.24561088554173127,0.08343469035944322,0.09209355702248098,0.04665890256510254,-0.09834742203756444,0.042156363703707414,-0.3749718855418463,0.20181676510400773,-0.03546406785953259,0.10442537624290264,-0.12238190999015125,0.054838305279674274,-0.01380841636049125,-0.21088306886269498,-0.1083459328016302,-0.08131606172584753,0.0985377694909732,0.13311783816758574,0.21922682071784122,0.21922682071784122,0.21881980311526394,0.2731815072166917
% With Annual Mammogram,-0.23730187833504315,-0.053930695042898005,0.47906746509739107,-0.239502274523503,0.24018576875403722,0.44940764532115046,0.08034099341271683,-0.08138649220132607,-0.5180490483757901,-0.42916886867444953,0.2663368849826232,0.21129036844732588,0.015086460235576405,1.0,0.4731999965948803,-0.5307414872719799,-0.21773310982513758,0.4963362653580871,0.4440014980881954,-0.24714277502828083,-0.3913491871372197,-0.23182838463369956,-0.13831570338770308,0.31157104927315304,-0.04280535932515617,-0.2963128114177713,-0.1938443356632461,0.09836284422579783,-0.09034617134756417,-0.23166084622961156,0.1348799394990877,-0.013571020386435184,0.03643702967392292,-0.05025897930925113,-0.21160974024814327,-0.3641187465216597,0.32080030533225345,-0.2525361613625745,0.08709089813523962,0.3255461376357678,-0.3765389824698684,0.2814799305434787,-0.2754210969935635,-0.25992514526470517,-0.47835256666627674,-0.18073997709309883,-0.4105020584324798,-0.5022469030819984,0.35983227402973617,0.20287535536516157,0.12846786013266792,0.12846786013266792,0.1306026787225998,0.12053779935519975
% Vaccinated,-0.32186403495694293,-0.14589639224860995,0.42903959849818984,-0.2566858149266324,0.3261911168462394,0.17151182623753278,-0.045533641132002915,0.02715302062618709,-0.4187557774989005,-0.2554814588813238,0.2635332001410017,0.2469521788669929,0.12266916157303273,0.4731999965948804,1.0,-0.42517288563616235,-0.14288427717794477,0.37008873720671337,0.4183021903185081,-0.32810801481191765,-0.43812592124866157,-0.17157471780921407,-0.06465883372528829,0.07655700655816296,0.1486414737495583,-0.35336270131465564,-0.034158888509569496,0.11569332242460167,0.037300917890883835,-0.08150366725044692,-0.1824573596409473,-0.03319257695016997,0.2019507147599976,-0.016026363083467585,-0.1593153941068689,-0.13823150462472933,0.13097102961869136,-0.04333655018169586,-0.06643453061434224,0.43332177415451695,-0.3554540043357739,0.43108204951971607,-0.17059131317938372,-0.246893831240698,-0.41880076848207526,-0.19194637848888327,-0.3639801755908122,-0.4390444449005564,0.31524910041597476,0.112705043838272,0.0960039914527111,0.0960039914527111,0.08857094531683429,0.08456684687584398
% Fair or Poor Health,0.7020505779091666,0.43747463609325626,-0.7510900541040948,0.6068072489582745,-0.45822079896526646,-0.6827400044360552,-0.09713392753732851,0.3353453074946864,0.7950011675968189,0.4675109708265799,-0.3754849702512581,-0.36329946288090775,-0.13423252208052572,-0.5307414872719799,-0.42517288563616235,1.0,0.5607135767963802,-0.8423397120353338,-0.771143094295116,0.4979940643321624,0.8418209484171151,0.501894009525277,0.3005437571760906,-0.21565629989218907,0.30814919769063437,0.37149336746659245,0.23750134773854134,0.18250461299367313,0.07658976632108352,0.14231248945334507,-0.04693171263902575,0.38842841475854173,-0.24639052846962162,-0.034954238293738026,0.14948247873841547,0.22097676109566144,-0.4281972748050022,0.176525589910448,-0.16994686835264727,-0.715622933717449,0.7814649340447737,-0.7152330761246012,0.6920532016343577,0.273036790075593,0.8435526165270579,0.563651702553213,0.846138723493594,0.9409417374658193,-0.6990331707712925,-0.3445778009278982,-0.3007208535072433,-0.3007208535072433,-0.3045239067336173,-0.3259372316859065
% Low birthweight,0.3632224696890747,0.3031874550137832,-0.4871017835300732,0.38879917311433015,-0.21050910248858595,-0.530246920195158,-0.05300950476757255,0.525798041860869,0.4501446878074065,0.208843642292439,-0.11340818788315167,-0.14221730545807404,-0.0034829376674595353,-0.21773310982513758,-0.1428842771779448,0.5607135767963802,1.0,-0.3992246272870459,-0.34818886051370673,0.2475415688224214,0.6226586033037558,0.5047833200793305,0.4389839812921875,-0.13776928835414323,0.28922663724720254,0.25009561452930434,0.2058318932566142,0.20688981445337443,0.1366208486494698,-0.06013646184019067,-0.07309976519435035,0.7149700041532508,-0.08618418800000908,-0.037767214867890406,-0.057099839305042976,-0.04531695323648218,-0.43943355195505,-0.08219227779566711,-0.24454898202122619,-0.4219080851598446,0.5600216500641685,-0.40335240859805976,0.5607489061090529,0.1426026632702455,0.5727981017950158,0.4449183004723988,0.47140969024587775,0.48502500872500903,-0.5029991825098545,-0.3494642020906369,-0.37411670363105903,-0.37411670363105903,-0.36319833911819843,-0.3675051806177866
% Completed High School,-0.47866375197883404,-0.30686221587726953,0.5269021066569918,-0.46920499579907854,0.3951075026145268,0.5321296228223422,0.12189999893408938,-0.2164461404285978,-0.7044418416513993,-0.5430366639546668,0.3643641105437985,0.37009220340036075,0.19449839367193042,0.4963362653580871,0.37008873720671337,-0.8423397120353339,-0.3992246272870459,0.9999999999999999,0.7718173618558286,-0.35355628917253373,-0.669208068165929,-0.37361284256611965,-0.21715092479554002,0.20854603121937815,-0.26195016638223856,-0.20003906454692,-0.2369428411261706,-0.07775788200442614,-0.09925026328664312,-0.24377556042834153,0.12088285361456041,-0.27742277406408916,0.14281375631332582,0.017456894142639946,-0.03213488201163721,-0.42606341897329164,0.4611327727594402,-0.4411291542558118,0.12345043801045572,0.6008705337518895,-0.67553761443187,0.5243853298475464,-0.4906219516219912,-0.1739268419388376,-0.6043482159834355,-0.4111511461806418,-0.6057880578435163,-0.7321748933955984,0.48184969033116487,0.2868906278572407,0.23225362587389706,0.23225362587389706,0.23663774378807406,0.2575163562886456
% Some College,-0.6581617339927879,-0.3867127298898248,0.5123821256989932,-0.561985887086029,0.501763135917821,0.4312540815893511,0.06888590156882003,-0.05880071439973255,-0.6884891828577857,-0.4645747484192411,0.4881491416969783,0.46993729310730853,0.27013706678668825,0.4440014980881954,0.4183021903185081,-0.771143094295116,-0.34818886051370673,0.7718173618558286,0.9999999999999999,-0.37201501730858455,-0.6454263075028644,-0.21112095543729806,-0.12303996196783083,0.1353890459147153,-0.16923087584250748,-0.3851210774065042,-0.0220846009179795,-0.16607639526585047,-0.14770484584174848,-0.05953250344155959,-0.1552968795982069,-0.1853232022326632,0.35685063441705595,0.038532186691252995,-0.07665333812399977,-0.15082331724558998,0.19263852325118377,-0.11420091195675186,-0.12774138900922924,0.665181513161474,-0.6060861057237787,0.6168376091409069,-0.5275753452151865,-0.16201736654668417,-0.59284767905802,-0.4977575488190335,-0.6986707950599432,-0.7453877373060662,0.54955932230402,0.2145239693000384,0.1947160714564038,0.1947160714564038,0.20095225089343755,0.2193271932875203
% Unemployed,0.43530211350186354,0.2604506572700975,-0.49235148891746955,0.26396834840609845,-0.15361010899985497,-0.2361972668311482,0.07814859728424903,0.12535590298558272,0.35137338846137284,-0.06164328045991716,-0.17649842889625394,-0.1241807282524866,0.04457877256445417,-0.24714277502828086,-0.32810801481191765,0.49799406433216237,0.2475415688224214,-0.35355628917253373,-0.3720150173085846,1.0,0.525358486948318,0.33797953901257655,0.10971980017169855,-0.15033455095136253,0.12795488397616564,0.2979671298668544,0.21041107026304054,0.06690598817013008,0.045192481773445314,-0.07054640076257246,0.16086485291867877,0.12227272473752859,-0.15194608261115858,-0.05066287597340445,0.1897076747277454,0.043357477866448516,-0.14701256238689073,0.03255168392370486,-0.018387468599586544,-0.37561476746567946,0.3977702161086155,-0.42803817175301273,0.37621271795761396,0.18866803413036595,0.5443781501563941,0.3124393353174022,0.5000815565621559,0.5477975219249088,-0.3565742180723389,0.11375156585990756,0.16204806104753008,0.16204806104753008,0.1709711494506452,0.15377408221105096
% Children in Poverty,0.6507093285922448,0.3953948570064525,-0.7634948893081993,0.5534448916854555,-0.3988412808909154,-0.5359698773270335,-0.042669786280017837,0.41282157884021,0.71225777648985,0.38656302935064396,-0.26753432278185474,-0.2661052065878705,-0.05594451951974099,-0.3913491871372197,-0.4381259212486616,0.8418209484171151,0.6226586033037557,-0.669208068165929,-0.6454263075028644,0.525358486948318,1.0,0.5750321160951393,0.36066813428442895,-0.10066382739475982,0.20621322927848626,0.43513567395274927,0.26770980207282113,0.11001119851061926,-0.018796054585683827,-0.02902608638701408,0.14714652811888557,0.4892450649138235,-0.26035050486663447,-0.05985126441860496,0.1767945759189287,0.06009711084536083,-0.3961321849479747,0.012768894818314534,-0.20727470809425624,-0.7414913501814286,0.8218288906089772,-0.7913394896495698,0.5912917198721074,0.29680748898335313,0.8440558790346425,0.5538970350126982,0.7243255657349336,0.8121805117637847,-0.6811035436384204,-0.2583430879275615,-0.24420782410066483,-0.24420782410066483,-0.24176255258843946,-0.26066410502638876
Income Ratio,0.2886179664244868,0.14594362359135532,-0.49455678455290136,0.24279920443592787,-0.15126247874814136,-0.3617856954358695,-0.04130474071366779,0.44030059729570303,0.31755351164108664,0.14729008296904647,0.0443632091137984,0.007254073961125344,0.13564458209649619,-0.23182838463369956,-0.17157471780921407,0.501894009525277,0.5047833200793304,-0.37361284256611965,-0.21112095543729806,0.3379795390125766,0.5750321160951393,1.0,0.3270375498841044,-0.10594585041532595,0.19715312940072177,0.1774567560439204,0.43481815790090633,-0.05327975714662453,0.021232856791299257,-0.1136919491295729,-0.07544467109259476,0.43848471211731266,0.049762331572822206,-0.028374695853402684,0.13019150654587233,0.043494789387499226,-0.38677831442962607,0.04591251301492983,-0.37657348793292245,-0.42348456607682744,0.45136687781600543,-0.3823020783922998,0.3949233857240999,0.16625336355509068,0.5652159362893927,0.27532830389401297,0.41043162987753934,0.46997436547110044,-0.37383491377244127,-0.11823193392820641,-0.08153735905580943,-0.08153735905580943,-0.08140349504533775,-0.09594540331154329
Violent Crime Rate,0.05442275159588211,0.10870259528519456,-0.3183024273471896,0.13867267015471704,0.08090039117913829,-0.23799378620974201,-0.03256403213251833,0.5740805802560589,0.3028345873746202,0.17378087611126303,0.07508498258577655,0.1167700527051632,0.1570974772124436,-0.13831570338770305,-0.06465883372528829,0.3005437571760906,0.4389839812921876,-0.21715092479554005,-0.12303996196783083,0.10971980017169855,0.36066813428442895,0.3270375498841044,1.0,-0.10939405123686463,0.17806119261932296,0.09330303249547733,0.3456408616443806,-0.016711722388513053,-0.08889677838169066,0.07013853496611577,-0.1874075426022786,0.4889927804160782,0.11692140762974916,0.05080839706106926,0.014622058435032113,0.175924535752598,-0.49444808508186144,0.1688871820666105,-0.4423554685202216,-0.13048499065354813,0.398758848233793,-0.20534433037512392,0.22440511464139104,0.17107815671767612,0.3216555388024183,0.1476496528106586,0.16079626686774662,0.22342279930884001,-0.2605437509014689,-0.128119273066685,-0.10573724905898976,-0.10573724905898976,-0.09982754366969401,-0.11864136089670202
Social Association Rate,0.07347216440471195,0.08079943377862356,0.1429126987820511,0.05891472962087603,-0.038341523219812074,0.2372092437472034,0.006907844308258151,-0.13206682401764622,-0.08139694569016272,-0.14620804115931985,0.08717072069618037,0.01995115479311665,-0.06469352527608735,0.3115710492731531,0.07655700655816296,-0.21565629989218907,-0.1377692883541432,0.20854603121937815,0.1353890459147153,-0.15033455095136253,-0.10066382739475982,-0.10594585041532595,-0.10939405123686462,1.0,-0.10688934083141478,0.01811499641943243,-0.35279946138608403,0.08823445832511381,-0.285357996647747,-0.11547211999934484,0.2758840879882522,-0.0740790004640051,-0.1840855691388473,-0.09783608083316074,-0.09686196300643453,-0.25318002996030875,0.289413927382773,-0.22834151306896516,0.10769712955751112,-0.08311052858073867,-0.10909075755117649,-0.10579936599776116,-0.1892260453052244,-0.06917167234781954,-0.14699008866705673,0.011463289288236164,-0.1362393419217137,-0.21245324578877725,-0.007162794892248447,0.08188711792564116,0.019807085187732325,0.019807085187732325,0.041186741501581046,0.031599643669062955
Average Daily PM2.5,0.2112974437795424,0.21932567549843612,-0.11325171741554971,0.28584393564415006,-0.11503078131267376,-0.34819808591140256,-0.13302426981615922,0.21251715159123397,0.15955745655953213,0.0518206905362962,-0.13240657403466324,-0.1613078037795665,-0.11237260386989709,-0.04280535932515617,0.1486414737495583,0.30814919769063437,0.2892266372472025,-0.26195016638223856,-0.16923087584250746,0.12795488397616564,0.2062132292784863,0.19715312940072177,0.17806119261932296,-0.10688934083141478,1.0,-0.10033949449215256,0.06425223226366006,0.29878647731090274,0.32976166600785434,0.07815812242243028,-0.2005576660765052,0.33654799183739614,0.06431516877014713,-0.007306296569715733,-0.18687055572367528,-0.07206247471710316,-0.14295153816262593,0.021697650588572415,-0.07633076586664661,-0.11606302385111036,0.24075632938744448,-0.07455369185462467,0.4134609083025836,-0.12324941794085097,0.2391518205297777,0.26068385683453676,0.32363125699215156,0.26936730940316317,-0.2773591240474009,-0.2414277577820643,-0.1919654862452358,-0.1919654862452358,-0.1679983770994748,-0.21940913290460032
Injury Death Rate,0.5023305274174686,0.1985004538230506,-0.414323695807593,0.33103475610090227,-0.2762723728457787,-0.2313905221575122,0.08988765305075318,0.0018857228834233933,0.41764632329402374,0.12557519663580102,-0.1417906599432206,-0.15260713420016606,0.021865376617590488,-0.2963128114177713,-0.35336270131465564,0.3714933674665924,0.2500956145293043,-0.20003906454692,-0.3851210774065042,0.2979671298668545,0.43513567395274927,0.1774567560439204,0.09330303249547733,0.01811499641943243,-0.10033949449215257,1.0,-0.059053883027102,0.06610501429592391,0.009098483392792216,-0.13231611538205182,0.3864486922479611,-0.0018319262620099825,-0.3487468185834543,-0.08152119563910049,0.3221311015518047,-0.17948152593586997,0.07844413150331929,-0.27123137899631317,0.13770073094944787,-0.43224319516473997,0.3390806925374451,-0.48766566135119854,0.28056582322408485,0.19890341214980495,0.4309906843194015,0.3389728493071064,0.5039615359583501,0.4677661615091359,-0.5912892462163833,-0.1665648541431243,-0.14169180063337125,-0.14169180063337125,-0.14333320882680078,-0.13152063551781085
% Severe Housing Problems,-0.1592686120457904,-0.18125380295207405,-0.2634267721441658,-0.13125579474611848,0.21148709066553,-0.17746518335776948,-0.0007144102168077164,0.4457649381976652,0.057574174052259106,0.18738064275554045,0.16593957436625129,0.2613799888021465,0.2856691586355589,-0.19384433566324613,-0.034158888509569496,0.23750134773854134,0.20583189325661422,-0.2369428411261706,-0.0220846009179795,0.21041107026304054,0.26770980207282113,0.4348181579009063,0.3456408616443806,-0.352799461386084,0.06425223226366006,-0.05905388302710201,1.0,-0.36282737168671086,0.018579185422332185,-0.014544146786386348,-0.21746384792428933,0.278030723521159,0.38011237166007594,0.19002600699053018,0.1534060159831841,0.3830632828715811,-0.5740431843885218,0.45634038240279906,-0.5931481812684506,0.010795116460978605,0.3315779860746962,-0.03310944601551624,0.1239230107159236,0.1552159916830263,0.2530569352779952,-0.05037016435473769,0.04709535166496055,0.19999518797288313,0.03675704590358022,0.05677361176500018,0.15060995016388404,0.15060995016388404,0.12852225625313363,0.16436367701319374
% Drive Alone to Work,0.29341051949944086,0.4003085734812441,-0.10266423699574344,0.3308116980180951,-0.19424228867906485,-0.17412888296328605,-0.04885548470280019,0.010203084749080651,0.21234028815520783,-0.03514439052086031,-0.23610428096707664,-0.2740343669227208,-0.2215778652574809,0.09836284422579783,0.11569332242460167,0.1825046129936731,0.2068898144533744,-0.07775788200442614,-0.16607639526585047,0.06690598817013008,0.11001119851061926,-0.05327975714662453,-0.016711722388513053,0.08823445832511381,0.29878647731090274,0.06610501429592391,-0.36282737168671086,1.0,0.0623772580689609,0.0966351797957562,-0.0205462876831033,0.1556513800307905,-0.34522714370611984,-0.11601332815533603,-0.11453127476313149,-0.17915166281324066,0.10586765444166721,-0.2835870205628713,0.2956780002416589,-0.1672761804392956,0.0744155981158604,-0.16439542045570266,0.24896816979371772,-0.01836704654706701,0.15440209556997533,0.29632095488469457,0.2533183814880218,0.1738377046403772,-0.3718060501468604,-0.1957819139368347,-0.22802594237441068,-0.22802594237441068,-0.20696408371375993,-0.25489628747214277
% Long Commute - Drives Alone,0.06374007174579073,0.0533860559070392,0.12176847684334122,0.11778010272805274,-0.19802607166264705,-0.11912528544525414,-0.0022360047699629105,-0.09151553688035458,-0.09507018448339123,-0.009592803642329199,-0.30716428069367613,-0.2976532976731501,-0.23327610870151586,-0.09034617134756417,0.03730091789088384,0.07658976632108352,0.13662084864946983,-0.09925026328664312,-0.14770484584174848,0.04519248177344532,-0.018796054585683827,0.021232856791299257,-0.08889677838169067,-0.285357996647747,0.32976166600785434,0.009098483392792216,0.018579185422332185,0.062377258068960904,1.0,-0.12695550540681577,-0.0029140671738855798,0.16570054255030076,0.08238262988356419,-0.027007824169229044,-0.12416242075604932,-0.10655491224912698,-0.0190738929193034,-0.05518466648929925,0.3218468535413796,-0.014676728293186605,-0.007957417746819288,0.22140775368563764,0.26815519391277165,-0.2160441637909712,-0.020285583435328228,0.1492808335214104,0.14446199695750733,0.07613827811893417,-0.04896830722103019,-0.06619585963724617,-0.05220241207414295,-0.05220241207414295,-0.0514916629555003,-0.06161365275002814
% Less Than 18 Years of Age,-0.06168390392660152,0.17705951270068435,-0.05457075635515141,0.06550602706960998,-0.06956814720392192,-0.18697711511828205,-0.0626320849808291,0.17175212294566722,0.3139168871112897,0.2252829666401069,-0.11100772097648515,-0.025581482538730334,-0.1164827890363302,-0.23166084622961156,-0.08150366725044692,0.14231248945334504,-0.06013646184019067,-0.24377556042834156,-0.05953250344155959,-0.07054640076257244,-0.02902608638701408,-0.11369194912957291,0.07013853496611577,-0.11547211999934485,0.07815812242243028,-0.1323161153820518,-0.014544146786386348,0.09663517979575621,-0.1269555054068158,0.9999999999999999,-0.62310238004583,-0.020942261433835836,0.017176065396828484,0.060866170343594754,0.24435944676479443,0.3490333475913109,-0.2997731222769013,0.36216443489875216,-0.12084097056036033,0.011353117850936567,0.04232634751012033,0.10221293749619267,-0.07828289317447816,0.1308604987420992,-0.012085018852256602,-0.025592131749653024,-0.046311787166797284,0.04757285595815193,-0.12628939653623325,-0.1165190247886262,-0.10059745361306606,-0.10059745361306606,-0.1011820268147256,-0.1283261878427169
% 65 and Over,0.1920830463554163,-0.056335500062754465,-0.05986326236753225,0.11971591467545326,-0.14769395453784764,0.19139082446626215,0.06528172645551873,-0.39128229817462623,-0.04368945217266656,-0.02312294181107726,-0.056319044385401515,-0.14820593816012784,-0.09943607985495082,0.1348799394990877,-0.1824573596409473,-0.04693171263902575,-0.07309976519435035,0.12088285361456041,-0.1552968795982069,0.1608648529186788,0.14714652811888554,-0.07544467109259476,-0.18740754260227863,0.2758840879882522,-0.2005576660765052,0.3864486922479611,-0.2174638479242893,-0.0205462876831033,-0.0029140671738855798,-0.62310238004583,0.9999999999999998,-0.16445195660882883,-0.28243287406276285,-0.0708173061794773,-0.07017739676496514,-0.2771281736112125,0.3766015342474549,-0.33064289631218996,0.46227829714279234,-0.23855058073433935,0.06694203346815435,-0.27620979796935263,-0.031247751605506913,-0.017954450106934968,0.09478078238323173,0.17259778053712285,0.1219573071024906,0.05497501865186828,-0.019158998190563055,0.06931893796060712,0.04335482834732337,0.04335482834732337,0.04362157498770937,0.05689834033334077
% Black,0.14512184376567053,0.3218890534140903,-0.3530377353336441,0.2891612458288305,-0.1581161106871929,-0.4116362395737746,-0.01845514060389071,0.6899074368873463,0.22875439760929622,0.1658762601321335,-0.03566342333532156,-0.0443474950093324,-0.023906838712619494,-0.013571020386435182,-0.03319257695016997,0.38842841475854173,0.714970004153251,-0.27742277406408916,-0.1853232022326632,0.12227272473752859,0.4892450649138236,0.4384847121173126,0.48899278041607824,-0.0740790004640051,0.33654799183739614,-0.0018319262620099823,0.278030723521159,0.1556513800307905,0.16570054255030076,-0.020942261433835836,-0.16445195660882883,1.0,0.028073158271709853,-0.03747617075922389,-0.1133948019120635,-0.10282084923137925,-0.6049078661159354,-0.020377481769262098,-0.34240238219138464,-0.2996825342028158,0.4991973021353691,-0.22448677346658277,0.479947529846371,0.13495018957899527,0.39368924731624416,0.37843900301060107,0.22922630878119246,0.2650466972313903,-0.3286556774105067,-0.2753224879874368,-0.3125066750246397,-0.3125066750246397,-0.31200677626068496,-0.3280980241567023
% Asian,-0.4606571475289519,-0.33261216029429586,0.23934892185128073,-0.3401635638999453,0.37818727561893983,0.05667523248077105,-0.02621698464332671,0.14571688282545184,-0.276038786000192,-0.14538337257676426,0.3342267383105613,0.3789876323959784,0.24561088554173127,0.03643702967392292,0.20195071475999762,-0.2463905284696216,-0.0861841880000091,0.14281375631332582,0.3568506344170559,-0.15194608261115858,-0.2603505048666344,0.049762331572822206,0.11692140762974916,-0.1840855691388473,0.06431516877014713,-0.34874681858345424,0.380112371660076,-0.34522714370611984,0.08238262988356419,0.017176065396828484,-0.2824328740627628,0.02807315827170985,1.0,0.45015093898746467,-0.05417767013318614,0.19167068397304504,-0.32023149990270294,0.3539284856644942,-0.36357713316348517,0.38462733959525425,-0.17079592506042274,0.5044261422567294,-0.11580139318927753,-0.1060945040031607,-0.2580213916479766,-0.2711958835545707,-0.36657227915981644,-0.2978723305305579,0.3656747504875921,0.13821084846763096,0.22869666015919113,0.22869666015919113,0.2171166288978637,0.22112067530898083
% Native Hawaiian/Other Pacific Islander,-0.13485381234487165,-0.09988436363876813,0.010622796993665732,-0.10498197529577773,0.08771792357670341,0.010554307181890089,0.021711087736434796,0.04241688631010099,-0.009456535475643839,-0.011245017694263646,0.053243944001766096,0.10324535302378951,0.08343469035944322,-0.05025897930925113,-0.016026363083467585,-0.03495423829373802,-0.037767214867890406,0.017456894142639946,0.038532186691253,-0.05066287597340445,-0.059851264418604964,-0.028374695853402687,0.050808397061069266,-0.09783608083316073,-0.007306296569715734,-0.08152119563910049,0.1900260069905302,-0.11601332815533603,-0.027007824169229044,0.060866170343594754,-0.0708173061794773,-0.03747617075922389,0.45015093898746467,1.0,0.0011070571019891548,0.09753835107372145,-0.1694209895150355,0.13199863897552194,-0.14280636895129148,0.09295209264056634,0.004802863801313802,0.09640478451834782,-0.009947549952062129,0.030942289121415854,-0.0358309203602502,-0.07112508454765709,-0.0967537895364134,-0.047232953994286675,0.10131207499640146,0.06055702093566085,0.08939177360649617,0.08939177360649617,0.07888297244269954,0.08816726741834062
% American Indian & Alaska Native,0.1852864730702401,0.07869778099026142,-0.2663237427310199,0.02463921925204889,-0.10132558770450592,-0.027363887023538973,0.16976648938264718,0.20941647033895422,0.22676906727976473,0.197105991870651,-0.02754002616625542,0.08226618368076656,0.09209355702248097,-0.21160974024814327,-0.15931539410686887,0.14948247873841544,-0.057099839305042976,-0.03213488201163721,-0.07665333812399976,0.1897076747277454,0.1767945759189287,0.13019150654587233,0.014622058435032111,-0.09686196300643453,-0.18687055572367528,0.3221311015518047,0.1534060159831841,-0.11453127476313149,-0.12416242075604932,0.24435944676479446,-0.07017739676496512,-0.11339480191206351,-0.05417767013318615,0.001107057101989155,1.0,0.03500006226092491,-0.25772786347888715,-0.000260273259422266,-0.060237598974994665,-0.2071261691216086,0.15484210185177472,-0.12246714027157202,-0.020020878666105312,0.29771841317457515,0.16047671999678062,0.09548471288049132,0.13281596988236935,0.21542799053625752,-0.20267064681819452,0.022032432319848288,0.07029784262092229,0.07029784262092229,0.06335001433383103,0.06274492690476435
% Hispanic,-0.36008897958245223,-0.19684631965556523,-0.11482912913897006,-0.17053131493580623,0.12931803886609963,-0.0937153938802703,-0.08921937091376672,0.1314569377560407,0.22178284328032816,0.43440196089979555,-0.025451712781903918,0.05746858509642265,0.04665890256510254,-0.3641187465216597,-0.13823150462472933,0.22097676109566147,-0.04531695323648218,-0.42606341897329164,-0.15082331724559,0.043357477866448516,0.060097110845360825,0.043494789387499226,0.175924535752598,-0.25318002996030875,-0.07206247471710316,-0.17948152593586997,0.3830632828715811,-0.17915166281324066,-0.10655491224912698,0.3490333475913108,-0.27712817361121245,-0.10282084923137925,0.19167068397304501,0.09753835107372147,0.03500006226092491,1.0,-0.639045461683616,0.8184826614411277,-0.25272265836678454,0.031470875454643235,0.2182822708270201,0.07214500179948258,-0.13097459083121699,0.19245108020348914,0.02570140239360684,-0.17316279978333324,-0.17081269512234076,0.03343799790424782,0.18352571512295038,0.03436040372511001,0.10018110162568425,0.10018110162568425,0.09615409733969661,0.11538833142800484
% Non-Hispanic White,0.15891183171326426,-0.06166985115488944,0.3751724486018094,-0.03761547512968943,-0.01216400970241267,0.3583983311557454,0.02092223352276737,-0.6727248656996121,-0.33807859970707066,-0.4504100778272339,-0.007479062206486931,-0.10404916505799561,-0.09834742203756443,0.32080030533225345,0.13097102961869136,-0.4281972748050022,-0.4394335519550501,0.4611327727594402,0.19263852325118377,-0.14701256238689073,-0.39613218494797464,-0.38677831442962607,-0.4944480850818614,0.28941392738277305,-0.14295153816262593,0.07844413150331928,-0.5740431843885218,0.10586765444166718,-0.0190738929193034,-0.29977312227690134,0.3766015342474549,-0.6049078661159354,-0.32023149990270294,-0.1694209895150355,-0.25772786347888715,-0.6390454616836161,1.0,-0.5913428199657391,0.5020336503417878,0.18616229077269378,-0.5199472137833927,0.061724251355553546,-0.23218857935530665,-0.30550909341528204,-0.3059066947714555,-0.13498456770147504,-0.02953080355646894,-0.22920001612081625,0.11303836437416118,0.13942833640795857,0.08597439736059868,0.08597439736059868,0.09353895014429903,0.09084736145960058
% Not Proficient in English,-0.3424056975054823,-0.19570144712617296,-0.013520361903678916,-0.15634914618416965,0.19173266989304122,-0.09053810812507253,-0.08743310273823902,0.15193197757779203,0.1418295792505758,0.373316900817106,0.04153988757410774,0.11794053885486684,0.042156363703707414,-0.2525361613625745,-0.04333655018169586,0.176525589910448,-0.0821922777956671,-0.4411291542558118,-0.11420091195675185,0.03255168392370486,0.012768894818314534,0.04591251301492983,0.1688871820666105,-0.22834151306896516,0.021697650588572415,-0.27123137899631317,0.45634038240279906,-0.2835870205628713,-0.05518466648929925,0.36216443489875216,-0.33064289631218996,-0.020377481769262098,0.35392848566449414,0.13199863897552191,-0.00026027325942226605,0.8184826614411277,-0.5913428199657391,0.9999999999999999,-0.32966915564630567,0.10174878985951356,0.1868473804997451,0.14410094732798182,-0.09594406307248525,0.09032402220563268,-0.04367494838497803,-0.17850895462046992,-0.1756645883005671,0.0096682017458414,0.24946438555356187,0.055506345904055725,0.1324767254140038,0.1324767254140038,0.11944337767746319,0.12850971218777335
% Homeowners,0.12566330063936415,0.056003991968018835,0.24139238518089864,0.08382753202333884,-0.28857918230675533,0.198037983741593,0.04234063362767545,-0.6232777599648255,-0.12971407008229718,-0.08058884134606992,-0.3080478752590226,-0.39843962725930976,-0.37497188554184635,0.08709089813523964,-0.06643453061434224,-0.16994686835264727,-0.24454898202122619,0.12345043801045572,-0.12774138900922924,-0.018387468599586544,-0.20727470809425624,-0.37657348793292245,-0.4423554685202216,0.10769712955751112,-0.07633076586664661,0.13770073094944785,-0.5931481812684506,0.2956780002416589,0.32184685354137965,-0.12084097056036033,0.46227829714279234,-0.34240238219138464,-0.36357713316348517,-0.14280636895129148,-0.06023759897499466,-0.2527226583667845,0.5020336503417878,-0.3296691556463057,1.0,-0.06848984509861443,-0.26522335404262926,0.09880946602746349,-0.10538031346633213,-0.16979929821197517,-0.2150701456773602,0.06697878207135857,0.01659714582853449,-0.0980252246399888,0.05795123856044432,0.08276897716350663,0.022125574195742535,0.022125574195742535,0.033406977183845506,0.010364941150329189
% Broadband Access,-0.6761927889251504,-0.4171053572434024,0.5994819744393293,-0.556027144446702,0.5537243269639341,0.3983493813046779,0.05074504025640715,-0.16557135102683734,-0.6118072367201266,-0.33952323780684096,0.37319263557777793,0.4198089505644093,0.20181676510400773,0.3255461376357678,0.43332177415451695,-0.7156229337174489,-0.4219080851598446,0.6008705337518894,0.665181513161474,-0.37561476746567946,-0.7414913501814286,-0.4234845660768274,-0.13048499065354816,-0.08311052858073867,-0.11606302385111036,-0.43224319516473997,0.010795116460978603,-0.16727618043929562,-0.014676728293186605,0.011353117850936569,-0.23855058073433935,-0.2996825342028158,0.38462733959525425,0.09295209264056634,-0.20712616912160864,0.03147087545464323,0.18616229077269378,0.10174878985951355,-0.06848984509861443,1.0,-0.6441292825281157,0.7356421195115943,-0.43616984636900663,-0.2362018036711259,-0.6582842122424988,-0.5277990914570067,-0.647637006025323,-0.7001248685475586,0.606485674643457,0.24412625365361706,0.2560180796820862,0.2560180796820862,0.25052710453759036,0.2802564520308107
% Enrolled in Free or Reduced Lunch,0.48902545029056493,0.36911475296911606,-0.666136460927753,0.4950840128360365,-0.3366232985770234,-0.5375320753755375,-0.061832362766716414,0.44811468873141763,0.6812186811370763,0.45931300466369085,-0.2710452716707454,-0.21971534351099714,-0.03546406785953259,-0.3765389824698684,-0.3554540043357739,0.7814649340447737,0.5600216500641686,-0.6755376144318701,-0.6060861057237786,0.39777021610861557,0.8218288906089773,0.4513668778160054,0.39875884823379304,-0.1090907575511765,0.24075632938744448,0.33908069253744505,0.3315779860746962,0.0744155981158604,-0.007957417746819288,0.042326347510120335,0.06694203346815433,0.49919730213536906,-0.17079592506042274,0.004802863801313802,0.1548421018517747,0.2182822708270201,-0.5199472137833928,0.18684738049974509,-0.26522335404262926,-0.6441292825281157,1.0,-0.691473079595448,0.5228317906735956,0.26286981026202333,0.7340632839093567,0.5075144628685324,0.5970647123298585,0.7175259668327831,-0.5962717957477125,-0.28690853824089574,-0.2448307894846984,-0.2448307894846984,-0.24287354367223646,-0.2530387736881171
Median Household Income,-0.7322842608010216,-0.435135086644406,0.690374265946266,-0.5700541452445131,0.4519136994773076,0.3884253951719515,0.02505056980046309,-0.1980620005387897,-0.631022731236863,-0.32154836492857997,0.31326927133028387,0.3246406687869463,0.10442537624290264,0.2814799305434787,0.431082049519716,-0.7152330761246012,-0.40335240859805976,0.5243853298475463,0.6168376091409069,-0.4280381717530127,-0.7913394896495698,-0.3823020783922998,-0.2053443303751239,-0.10579936599776117,-0.07455369185462468,-0.48766566135119854,-0.03310944601551624,-0.16439542045570268,0.22140775368563764,0.10221293749619266,-0.27620979796935263,-0.22448677346658277,0.5044261422567294,0.09640478451834782,-0.122467140271572,0.07214500179948258,0.06172425135555355,0.14410094732798184,0.09880946602746349,0.7356421195115943,-0.6914730795954479,1.0,-0.45505027983035573,-0.2837324127799013,-0.7525628708331631,-0.5066255392172493,-0.7179705176797482,-0.7450477008288465,0.6709040213597065,0.23202548805950987,0.2504870954730524,0.2504870954730524,0.24513082820673723,0.26803716334898414
% Insufficient Sleep,0.6236928051950481,0.4354268576260255,-0.46218421872939747,0.544401938540707,-0.28996107161596174,-0.6123435460767045,-0.09241919799768014,0.28059039144701386,0.478378935809164,0.1689650606209237,-0.2648858758736736,-0.25118065337628753,-0.12238190999015125,-0.2754210969935635,-0.17059131317938372,0.6920532016343577,0.5607489061090529,-0.4906219516219912,-0.5275753452151865,0.37621271795761396,0.5912917198721075,0.3949233857240999,0.22440511464139107,-0.18922604530522444,0.41346090830258364,0.28056582322408485,0.12392301071592358,0.24896816979371772,0.2681551939127716,-0.07828289317447816,-0.031247751605506916,0.479947529846371,-0.11580139318927751,-0.009947549952062129,-0.020020878666105312,-0.13097459083121696,-0.23218857935530662,-0.09594406307248525,-0.10538031346633214,-0.4361698463690067,0.5228317906735955,-0.45505027983035573,1.0,0.0653947031238004,0.5874612047816964,0.529873964454506,0.7488169110392899,0.6928179228400738,-0.6115409900644413,-0.21177599432993402,-0.20182813363619248,-0.20182813363619248,-0.2142920328764522,-0.2512464758297255
% Limited Access to Healthy Foods,0.12484892169357481,0.0861855999257342,-0.7211624788760599,0.12281418808539306,-0.10827703052839707,-0.16743221236153863,-0.007400645086122551,0.2481188435158854,0.2688495201346005,0.23789020394995508,-0.06073513751669092,-0.021834549843799945,0.05483830527967428,-0.2599251452647052,-0.24689383124069803,0.273036790075593,0.1426026632702455,-0.17392684193883762,-0.16201736654668417,0.18866803413036598,0.29680748898335313,0.16625336355509068,0.17107815671767615,-0.06917167234781954,-0.12324941794085097,0.19890341214980495,0.1552159916830263,-0.01836704654706701,-0.21604416379097116,0.13086049874209923,-0.017954450106934968,0.13495018957899527,-0.10609450400316069,0.030942289121415854,0.2977184131745751,0.19245108020348914,-0.30550909341528204,0.09032402220563268,-0.16979929821197517,-0.23620180367112592,0.26286981026202333,-0.2837324127799013,0.0653947031238004,1.0,0.30727882582690447,0.09498360781010828,0.15633012802416799,0.24533775951130332,-0.1983837501508819,-0.056594626705763804,-0.06540348308726102,-0.06540348308726102,-0.060707974570104975,-0.06294319694330487
% Food Insecure,0.6450355287872961,0.38560835503080154,-0.8775277758636331,0.5641534792844617,-0.3875777712904169,-0.6287129124386616,-0.08033813855766304,0.3442226189490059,0.7072685392156939,0.40797363865901687,-0.26308564470448786,-0.2703055473133464,-0.01380841636049125,-0.47835256666627674,-0.4188007684820753,0.843552616527058,0.5727981017950159,-0.6043482159834355,-0.59284767905802,0.5443781501563941,0.8440558790346426,0.5652159362893928,0.32165553880241826,-0.14699008866705673,0.23915182052977774,0.43099068431940146,0.2530569352779952,0.15440209556997533,-0.020285583435328228,-0.012085018852256603,0.09478078238323172,0.3936892473162442,-0.25802139164797655,-0.0358309203602502,0.16047671999678062,0.02570140239360684,-0.3059066947714555,-0.04367494838497803,-0.2150701456773602,-0.6582842122424989,0.7340632839093567,-0.752562870833163,0.5874612047816964,0.3072788258269045,1.0,0.5446994397399272,0.7821828996698217,0.8439283276131383,-0.7050719215422643,-0.3082305566400677,-0.2816298118820667,-0.2816298118820667,-0.2900264719791647,-0.31060335816404616
% Adults with Diabetes,0.5629753057184979,0.5538385650738827,-0.44373476796223615,0.6077318883668926,-0.4083563934679948,-0.43159639911308945,-0.03130490009096723,0.19767106644070997,0.4826834176602252,0.1982143965344073,-0.30337125380810137,-0.3334659904241485,-0.210883068862695,-0.18073997709309883,-0.19194637848888327,0.563651702553213,0.4449183004723987,-0.41115114618064175,-0.49775754881903345,0.31243933531740214,0.5538970350126982,0.27532830389401297,0.1476496528106586,0.011463289288236164,0.26068385683453676,0.3389728493071064,-0.05037016435473769,0.2963209548846945,0.14928083352141042,-0.02559213174965302,0.17259778053712285,0.378439003010601,-0.2711958835545707,-0.0711250845476571,0.09548471288049132,-0.17316279978333324,-0.13498456770147504,-0.17850895462046992,0.06697878207135857,-0.5277990914570068,0.5075144628685324,-0.5066255392172493,0.5298739644545059,0.09498360781010828,0.5446994397399272,1.0,0.5816075932712916,0.5645179454277381,-0.5883174205464032,-0.22986956385914625,-0.24112720215192665,-0.24112720215192665,-0.24327855836438386,-0.272860341621811
% Frequent Mental Distress,0.8512553884839268,0.44858332191391,-0.6481817725042208,0.6211603534923114,-0.4680574150959293,-0.6213693153031135,-0.06290261880553422,0.14302760652968263,0.6451100571862676,0.2519059252823848,-0.36116739724533614,-0.38402368341546766,-0.10834593280163021,-0.4105020584324798,-0.3639801755908122,0.846138723493594,0.47140969024587775,-0.6057880578435163,-0.6986707950599432,0.5000815565621558,0.7243255657349335,0.4104316298775393,0.1607962668677466,-0.1362393419217137,0.32363125699215156,0.5039615359583501,0.04709535166496055,0.2533183814880218,0.1444619969575073,-0.04631178716679728,0.1219573071024906,0.22922630878119246,-0.36657227915981644,-0.0967537895364134,0.13281596988236935,-0.17081269512234076,-0.02953080355646894,-0.17566458830056714,0.01659714582853449,-0.6476370060253231,0.5970647123298585,-0.7179705176797482,0.7488169110392899,0.15633012802416796,0.7821828996698217,0.5816075932712915,1.0,0.9270271844907616,-0.7427989282005009,-0.28319329628274903,-0.24720681995564156,-0.24720681995564156,-0.24860246730623933,-0.26671607191743735
% Frequent Physical Distress,0.7855713005725934,0.4260019955623902,-0.7379324668851938,0.598909497678039,-0.46013105650518665,-0.6385461056729624,-0.06148703625753414,0.23074210091518854,0.7365269554028794,0.3516133996324727,-0.3670170062895665,-0.3529488850143982,-0.08131606172584753,-0.5022469030819984,-0.43904444490055633,0.9409417374658193,0.48502500872500903,-0.7321748933955984,-0.7453877373060663,0.5477975219249088,0.8121805117637847,0.46997436547110044,0.22342279930884,-0.21245324578877725,0.26936730940316317,0.46776616150913597,0.19999518797288313,0.1738377046403772,0.07613827811893417,0.04757285595815193,0.05497501865186828,0.2650466972313903,-0.2978723305305579,-0.04723295399428668,0.21542799053625755,0.03343799790424782,-0.22920001612081622,0.0096682017458414,-0.0980252246399888,-0.7001248685475587,0.7175259668327832,-0.7450477008288465,0.6928179228400738,0.24533775951130335,0.8439283276131384,0.5645179454277381,0.9270271844907616,0.9999999999999998,-0.7244936870545289,-0.28592893964792104,-0.2256902972034974,-0.2256902972034974,-0.23127807185376378,-0.2431251943763377
Life Expectancy,-0.7333890941371579,-0.5313800093344074,0.6138554546318229,-0.649966134704044,0.41404696928725615,0.533165422771219,0.03384262787523106,-0.2972316637007375,-0.6975355579038374,-0.23336004068544,0.30965750746989174,0.2959183178610432,0.0985377694909732,0.3598322740297362,0.31524910041597476,-0.6990331707712923,-0.5029991825098545,0.48184969033116487,0.54955932230402,-0.3565742180723389,-0.6811035436384204,-0.3738349137724413,-0.26054375090146886,-0.007162794892248448,-0.2773591240474008,-0.5912892462163835,0.03675704590358022,-0.37180605014686047,-0.04896830722103019,-0.12628939653623322,-0.01915899819056305,-0.32865567741050666,0.36567475048759207,0.10131207499640146,-0.20267064681819452,0.18352571512295038,0.11303836437416118,0.2494643855535619,0.05795123856044431,0.6064856746434572,-0.5962717957477125,0.6709040213597066,-0.6115409900644413,-0.19838375015088186,-0.7050719215422643,-0.5883174205464031,-0.7427989282005009,-0.7244936870545289,1.0,0.31934079611962385,0.31745812490834396,0.31745812490834396,0.3095848726102587,0.34988018975900587
cig_tax_2017,-0.21581738844892326,-0.17500706338466127,0.25173269109052315,-0.2877314869377776,0.2445049673222574,0.4141054626528765,0.07525204814462236,-0.16605495147764668,-0.3192189857588476,-0.4076261677284141,0.15021540612471265,0.18590418395028382,0.13311783816758574,0.20287535536516157,0.112705043838272,-0.3445778009278982,-0.3494642020906369,0.2868906278572407,0.21452396930003842,0.11375156585990755,-0.2583430879275615,-0.11823193392820641,-0.128119273066685,0.08188711792564114,-0.2414277577820643,-0.16656485414312433,0.05677361176500019,-0.1957819139368347,-0.06619585963724615,-0.1165190247886262,0.06931893796060712,-0.2753224879874368,0.138210848467631,0.06055702093566085,0.022032432319848288,0.03436040372511001,0.13942833640795857,0.05550634590405572,0.08276897716350663,0.24412625365361704,-0.28690853824089574,0.2320254880595099,-0.21177599432993402,-0.056594626705763804,-0.30823055664006777,-0.22986956385914625,-0.28319329628274903,-0.28592893964792104,0.31934079611962385,1.0,0.9282853153047831,0.9282853153047831,0.9177563765861939,0.8853092774748
cig_tax_2018,-0.24059752607826604,-0.20767656217356295,0.23633944467703116,-0.2915828344683649,0.2513350140150006,0.36668445300057534,0.07966435697733962,-0.16003628387078125,-0.2946136970863512,-0.4099920952223476,0.14533696176021232,0.21787877100812147,0.21922682071784122,0.12846786013266792,0.09600399145271112,-0.3007208535072433,-0.374116703631059,0.23225362587389706,0.1947160714564038,0.16204806104753008,-0.24420782410066483,-0.08153735905580943,-0.10573724905898978,0.019807085187732325,-0.1919654862452358,-0.14169180063337125,0.150609950163884,-0.22802594237441068,-0.05220241207414296,-0.10059745361306607,0.04335482834732337,-0.3125066750246397,0.22869666015919113,0.08939177360649618,0.07029784262092229,0.10018110162568425,0.08597439736059868,0.1324767254140038,0.022125574195742535,0.2560180796820862,-0.24483078948469839,0.2504870954730524,-0.20182813363619248,-0.06540348308726102,-0.2816298118820667,-0.24112720215192665,-0.24720681995564156,-0.2256902972034974,0.31745812490834396,0.9282853153047831,1.0,1.0,0.9818732246596217,0.9435187012767278
cig_tax_2019,-0.24059752607826604,-0.20767656217356295,0.23633944467703116,-0.2915828344683649,0.2513350140150006,0.36668445300057534,0.07966435697733962,-0.16003628387078125,-0.2946136970863512,-0.4099920952223476,0.14533696176021232,0.21787877100812147,0.21922682071784122,0.12846786013266792,0.09600399145271112,-0.3007208535072433,-0.374116703631059,0.23225362587389706,0.1947160714564038,0.16204806104753008,-0.24420782410066483,-0.08153735905580943,-0.10573724905898978,0.019807085187732325,-0.1919654862452358,-0.14169180063337125,0.150609950163884,-0.22802594237441068,-0.05220241207414296,-0.10059745361306607,0.04335482834732337,-0.3125066750246397,0.22869666015919113,0.08939177360649618,0.07029784262092229,0.10018110162568425,0.08597439736059868,0.1324767254140038,0.022125574195742535,0.2560180796820862,-0.24483078948469839,0.2504870954730524,-0.20182813363619248,-0.06540348308726102,-0.2816298118820667,-0.24112720215192665,-0.24720681995564156,-0.2256902972034974,0.31745812490834396,0.9282853153047831,1.0,1.0,0.9818732246596217,0.9435187012767278
cig_tax_2020,-0.23452926709921995,-0.21793674094759777,0.23984096516017644,-0.2901238661552776,0.2478020059373409,0.3738125538795298,0.08536593814517285,-0.1563491151931176,-0.2882133301121801,-0.4273166687619103,0.1334962921478745,0.20913526971035853,0.21881980311526394,0.1306026787225998,0.08857094531683428,-0.3045239067336173,-0.36319833911819843,0.23663774378807406,0.20095225089343755,0.1709711494506452,-0.24176255258843946,-0.08140349504533775,-0.09982754366969401,0.04118674150158105,-0.1679983770994748,-0.14333320882680078,0.12852225625313363,-0.20696408371375996,-0.0514916629555003,-0.1011820268147256,0.04362157498770937,-0.31200677626068496,0.2171166288978637,0.07888297244269954,0.06335001433383103,0.09615409733969661,0.09353895014429903,0.11944337767746317,0.033406977183845506,0.25052710453759036,-0.24287354367223646,0.24513082820673723,-0.21429203287645218,-0.060707974570104975,-0.2900264719791647,-0.24327855836438386,-0.2486024673062393,-0.23127807185376378,0.3095848726102587,0.917756376586194,0.9818732246596217,0.9818732246596217,1.0,0.960446952427304
cig_tax_2021,-0.26661226509438474,-0.25845628598409376,0.25628352781192326,-0.34556956716487786,0.27775185307397204,0.38931955871605733,0.09509248668076996,-0.1597748129707402,-0.314444303495755,-0.43754923379300287,0.16383026054210795,0.240016851260479,0.27318150721669177,0.12053779935519975,0.08456684687584398,-0.3259372316859065,-0.3675051806177866,0.2575163562886456,0.2193271932875203,0.15377408221105096,-0.26066410502638876,-0.09594540331154328,-0.11864136089670202,0.031599643669062955,-0.21940913290460032,-0.13152063551781082,0.16436367701319374,-0.25489628747214277,-0.06161365275002814,-0.1283261878427169,0.05689834033334077,-0.3280980241567023,0.22112067530898083,0.08816726741834063,0.06274492690476434,0.11538833142800484,0.09084736145960058,0.12850971218777335,0.010364941150329189,0.2802564520308107,-0.2530387736881171,0.26803716334898414,-0.2512464758297255,-0.06294319694330487,-0.31060335816404616,-0.272860341621811,-0.26671607191743735,-0.24312519437633767,0.34988018975900587,0.8853092774748001,0.9435187012767278,0.9435187012767278,0.9604469524273039,0.9999999999999999
