,Unnamed: 0,Unnamed: 0.1,Unnamed: 0.1.1,Unnamed: 0.1.1.1,FIPS,State,County,Unreliable,Deaths,Years of Potential Life Lost Rate,95% CI - Low,95% CI - High,Z-Score,YPLL Rate (AIAN),YPLL Rate (AIAN) 95% CI - Low,YPLL Rate (AIAN) 95% CI - High,YPLL Rate (AIAN) Unreliable,YPLL Rate (Asian),YPLL Rate (Asian) 95% CI - Low,YPLL Rate (Asian) 95% CI - High,YPLL Rate (Asian) Unreliable,YPLL Rate (Black),YPLL Rate (Black) 95% CI - Low,YPLL Rate (Black) 95% CI - High,YPLL Rate (Black) Unreliable,YPLL Rate (Hispanic),YPLL Rate (Hispanic) 95% CI - Low,YPLL Rate (Hispanic) 95% CI - High,YPLL Rate (Hispanic) Unreliable,YPLL Rate (White),YPLL Rate (White) 95% CI - Low,YPLL Rate (White) 95% CI - High,YPLL Rate (White) Unreliable,% Fair or Poor Health,95% CI - Low.1,95% CI - High.1,Z-Score.1,Average Number of Physically Unhealthy Days,95% CI - Low.2,95% CI - High.2,Z-Score.2,Average Number of Mentally Unhealthy Days,95% CI - Low.3,95% CI - High.3,Z-Score.3,Unreliable.1,% Low birthweight,95% CI - Low.4,95% CI - High.4,Z-Score.4,% LBW (AIAN),% LBW (AIAN) 95% CI - Low,% LBW (AIAN) 95% CI - High,% LBW (Asian),% LBW (Asian) 95% CI - Low,% LBW (Asian) 95% CI - High,% LBW (Black),% LBW (Black) 95% CI - Low,% LBW (Black) 95% CI - High,% LBW (Hispanic),% LBW (Hispanic) 95% CI - Low,% LBW (Hispanic) 95% CI - High,% LBW (White),% LBW (White) 95% CI - Low,% LBW (White) 95% CI - High,% Smokers,95% CI - Low.5,95% CI - High.5,Z-Score.5,% Adults with Obesity,95% CI - Low.6,95% CI - High.6,Z-Score.6,Food Environment Index,Z-Score.7,% Physically Inactive,95% CI - Low.7,95% CI - High.7,Z-Score.8,% With Access to Exercise Opportunities,Z-Score.9,% Excessive Drinking,95% CI - Low.8,95% CI - High.8,Z-Score.10,# Alcohol-Impaired Driving Deaths,# Driving Deaths,% Driving Deaths with Alcohol Involvement,95% CI - Low.9,95% CI - High.9,Z-Score.11,# Chlamydia Cases,Chlamydia Rate,Z-Score.12,Teen Birth Rate,95% CI - Low.10,95% CI - High.10,Z-Score.13,Teen Birth Rate (AIAN),Teen Birth Rate (AIAN) 95% CI - Low,Teen Birth Rate (AIAN) 95% CI - High,Teen Birth Rate (Asian),Teen Birth Rate (Asian) 95% CI - Low,Teen Birth Rate (Asian) 95% CI - High,Teen Birth Rate (Black),Teen Birth Rate (Black) 95% CI - Low,Teen Birth Rate (Black) 95% CI - High,Teen Birth Rate (Hispanic),Teen Birth Rate (Hispanic) 95% CI - Low,Teen Birth Rate (Hispanic) 95% CI - High,Teen Birth Rate (White),Teen Birth Rate (White) 95% CI - Low,Teen Birth Rate (White) 95% CI - High,# Uninsured,% Uninsured,95% CI - Low.11,95% CI - High.11,Z-Score.14,# Primary Care Physicians,Primary Care Physicians Rate,Primary Care Physicians Ratio,Z-Score.15,# Dentists,Dentist Rate,Dentist Ratio,Z-Score.16,# Mental Health Providers,Mental Health Provider Rate,Mental Health Provider Ratio,Z-Score.17,Preventable Hospitalization Rate,Z-Score.18,Preventable Hosp. Rate (AIAN),Preventable Hosp. Rate (Asian),Preventable Hosp. Rate (Black),Preventable Hosp. Rate (Hispanic),Preventable Hosp. Rate (White),% With Annual Mammogram,Z-Score.19,% Screened (AIAN),% Screened (Asian),% Screened (Black),% Screened (Hispanic),% Screened (White),% Vaccinated,Z-Score.20,% Vaccinated (AIAN),% Vaccinated (Asian),% Vaccinated (Black),% Vaccinated (Hispanic),% Vaccinated (White),# Completed High School,Population,% Completed High School,95% CI - Low.12,95% CI - High.12,Z-Score.21,# Some College,Population.1,% Some College,95% CI - Low.13,95% CI - High.13,Z-Score.22,# Unemployed,Labor Force,% Unemployed,Z-Score.23,% Children in Poverty,95% CI - Low.14,95% CI - High.14,Z-Score.24,% Children in Poverty (AIAN),% Children in Poverty (Asian),% Children in Poverty (Black),% Children in Poverty (Hispanic),% Children in Poverty (White),80th Percentile Income,20th Percentile Income,Income Ratio,Z-Score.25,# Children in Single-Parent Households,# Children in Households,% Children in Single-Parent Households,95% CI - Low.15,95% CI - High.15,Z-Score.26,# Associations,Social Association Rate,Z-Score.27,Annual Average Violent Crimes,Violent Crime Rate,Z-Score.28,# Injury Deaths,Injury Death Rate,95% CI - Low.16,95% CI - High.16,Z-Score.29,Injury Death Rate (AIAN),Injury Death Rate (AIAN) 95% CI - Low,Injury Death Rate (AIAN) 95% CI - High,Injury Death Rate (Asian),Injury Death Rate (Asian) 95% CI - Low,Injury Death Rate (Asian) 95% CI - High,Injury Death Rate (Black),Injury Death Rate (Black) 95% CI - Low,Injury Death Rate (Black) 95% CI - High,Injury Death Rate (Hispanic),Injury Death Rate (Hispanic) 95% CI - Low,Injury Death Rate (Hispanic) 95% CI - High,Injury Death Rate (White),Injury Death Rate (White) 95% CI - Low,Injury Death Rate (White) 95% CI - High,Average Daily PM2.5,Z-Score.30,Presence of Water Violation,Z-Score.31,% Severe Housing Problems,95% CI - Low.17,95% CI - High.17,Severe Housing Cost Burden,Severe Housing Cost Burden 95% CI - Low,Severe Housing Cost Burden 95% CI - High,Overcrowding,Overcrowding 95% CI - Low,Overcrowding 95% CI - High,Inadequate Facilities,Inadequate Facilities 95% CI - Low,Inadequate Facilities 95% CI - High,Z-Score.32,% Drive Alone to Work,95% CI - Low.18,95% CI - High.18,Z-Score.33,% Drive Alone (AIAN),% Drive Alone (AIAN) 95% CI - Low,% Drive Alone (AIAN) 95% CI - High,% Drive Alone (Asian),% Drive Alone (Asian) 95% CI - Low,% Drive Alone (Asian) 95% CI - High,% Drive Alone (Black),% Drive Alone (Black) 95% CI - Low,% Drive Alone (Black) 95% CI - High,% Drive Alone (Hispanic),% Drive Alone (Hispanic) 95% CI - Low,% Drive Alone (Hispanic) 95% CI - High,% Drive Alone (White),% Drive Alone (White) 95% CI - Low,% Drive Alone (White) 95% CI - High,# Workers who Drive Alone,% Long Commute - Drives Alone,95% CI - Low.19,95% CI - High.19,Z-Score.34,Unnamed: 250
0,0,0,0,1,1000,Alabama,,,82249,9820,9718,9922,,5145.0,4094.0,6196.0,,3383.0,2898.0,3867.0,,12214.0,12000.0,12428.0,,4321.0,4003.0,4639.0,,9248.0,9126.0,9371.0,,21,20,23,,4.4,4.1,4.7,,4.9,4.6,5.2,,,10,10,10,,9.0,8.0,11.0,9.0,9.0,10.0,16.0,15.0,16.0,7.0,7.0,7.0,8.0,8.0,8.0,20,19,21,,36,,,,5.5,,29,,,,61,,15,14,16,,1280,4764,27,26,28,,28437,583.4,,29,29,29,,15.0,12.0,18.0,5.0,4.0,6.0,35.0,35.0,36.0,51.0,49.0,53.0,25.0,24.0,25.0,470052,12,12,12,,3187.0,65.0,1534.0,,2446.0,50.0,2005.0,,5310.0,108.0,923.0,,5466,,8887.0,2557.0,6844.0,4518.0,5220.0,40,,35.0,33.0,40.0,30.0,40.0,43,,44.0,43.0,31.0,34.0,46.0,2861955,3320877,86,86,86,,749416,1234335,61,60.0,61.0,,67265,2241752,3.0,,22,21,23,,20.0,11.0,40.0,39.0,14.0,103239,19709,5.2,,347950,1093711,32,31,32,,6022,12.3,,23307.0,480.0,,20599,84,83,86,,37.0,28.0,48.0,25.0,20.0,30.0,80.0,78.0,82.0,40.0,37.0,44.0,91.0,90.0,92.0,9.2,,,,14,14,14,12,12,12,2,2,2,1,1,1,,86,85,86,,81.0,70.0,91.0,77.0,75.0,79.0,84.0,84.0,84.0,77.0,76.0,78.0,87.0,87.0,87.0,2073072,35,34,35,,
1,1,1,1,2,1001,Alabama,Autauga,,787,7830,6998,8662,-1.52,,,,,,,,,10729.0,8641.0,12816.0,,,,,,7245.0,6301.0,8190.0,,20,17,22,-1.23,4.5,4.1,4.9,-0.98,4.9,4.5,5.2,-1.55,,9,8,10,-0.69,,,,,,,14.0,12.0,16.0,,,,8.0,7.0,9.0,20,17,23,-1.33,33,27.0,39.0,-1.11,6.7,-0.04,31,25.0,37.0,-0.27,69,-1.15,14,14,15,0.14,19,57,33,26,40,0.39,280,504.5,-0.24,24,21,26,-1.22,,,,,,,29.0,23.0,36.0,,,,23.0,20.0,26.0,4693,10,9,11,-1.45,26.0,47.0,2139.0,-0.06,19.0,34.0,2940.0,-0.08,16.0,29.0,3492.0,0.55,6650,0.51,,,9081.0,,6293.0,39,-0.12,,,35.0,,40.0,42,-0.28,,,32.0,42.0,43.0,33076,37367,89,87,90,-1.41,8689,14362,60,54.0,67.0,-0.84,714,26172,2.7,-0.76,16,11,21,-1.26,,11.0,56.0,4.0,16.0,109062,21425,5.1,-0.22,3267,13205,25,20,30,-0.78,68,12.2,-0.33,149.0,272.0,-0.63,190,68,59,78,-1.43,,,,,,,47.0,31.0,69.0,,,,76.0,64.0,88.0,10.4,1.05,No,-0.34,14,11,16,12,10,14,1,0,2,2,1,3,0.13,86,83,88,-0.02,,,,,,,80.0,74.0,85.0,,,,82.0,78.0,87.0,24635,38,34,42,-0.01,
2,2,2,2,3,1003,Alabama,Baldwin,,3147,7680,7237,8124,-1.59,,,,,,,,,10269.0,8724.0,11814.0,,4223.0,2907.0,5931.0,,7708.0,7207.0,8208.0,,16,14,19,-2.1,3.6,3.3,4.1,-2.72,4.8,4.4,5.2,-1.79,,8,8,9,-1.11,,,,9.0,5.0,13.0,15.0,13.0,16.0,6.0,5.0,7.0,8.0,7.0,8.0,19,16,22,-1.88,30,27.0,33.0,-1.74,7.8,-1.17,25,22.0,28.0,-1.56,74,-1.37,19,18,20,2.64,53,179,30,26,33,0.05,632,297.2,-0.97,26,24,28,-0.93,,,,,,,33.0,28.0,38.0,45.0,37.0,53.0,24.0,23.0,26.0,22660,13,12,15,0.35,153.0,70.0,1425.0,-1.09,110.0,49.0,2029.0,-0.96,220.0,99.0,1015.0,-0.46,3471,-1.54,3128.0,,4832.0,2761.0,3414.0,43,-0.96,38.0,33.0,39.0,30.0,43.0,46,-0.96,57.0,41.0,33.0,39.0,46.0,137219,151112,91,90,92,-1.97,33404,49776,67,63.0,71.0,-1.52,2653,97328,2.7,-0.77,14,9,18,-1.54,20.0,,33.0,24.0,10.0,116934,26666,4.4,-1.06,10321,46133,22,20,25,-0.96,229,10.5,0.22,408.0,204.0,-1.0,777,73,68,78,-1.15,,,,,,,43.0,31.0,59.0,25.0,13.0,43.0,80.0,74.0,86.0,7.2,-2.08,No,-0.34,13,12,14,12,11,13,1,1,1,0,0,0,-0.08,84,82,85,-0.71,,,,,,,86.0,82.0,90.0,72.0,62.0,83.0,82.0,80.0,84.0,93141,40,38,43,0.22,
3,3,3,3,4,1005,Alabama,Barbour,,515,11477,9908,13045,0.26,,,,,,,,,13846.0,11422.0,16269.0,,,,,,9424.0,7385.0,11464.0,,30,27,33,1.34,5.6,5.2,6.0,1.19,5.6,5.3,6.0,0.62,,11,10,13,0.33,,,,,,,15.0,13.0,17.0,,,,7.0,5.0,9.0,26,23,28,1.11,41,34.0,49.0,0.63,5.5,1.2,28,22.0,35.0,-0.84,53,-0.38,12,12,13,-1.03,13,33,39,30,48,0.94,191,755.8,0.63,37,32,43,0.47,,,,,,,38.0,31.0,45.0,57.0,29.0,99.0,34.0,26.0,43.0,2310,14,12,15,0.54,8.0,32.0,3110.0,0.58,9.0,36.0,2743.0,-0.23,3.0,12.0,8229.0,0.78,5314,-0.35,,,5946.0,,5281.0,44,-1.17,,,42.0,,46.0,39,0.23,,,33.0,,41.0,13152,17964,73,71,75,2.35,2379,6680,36,31.0,40.0,1.7,324,8537,3.8,0.37,41,29,53,1.71,,,67.0,83.0,17.0,74745,12495,6.0,0.84,2707,5307,51,45,57,1.23,19,7.6,1.13,106.0,414.0,0.12,98,77,63,94,-0.89,,,,,,,75.0,55.0,100.0,,,,80.0,58.0,106.0,9.4,0.07,No,-0.34,14,11,16,13,10,15,2,1,3,1,0,1,0.16,82,79,85,-1.27,,,,,,,80.0,73.0,87.0,,,,86.0,82.0,91.0,8231,31,26,36,-0.8,
4,4,4,4,5,1007,Alabama,Bibb,,476,12173,10506,13839,0.6,,,,,,,,,13027.0,9571.0,17323.0,,,,,,12377.0,10416.0,14338.0,,24,21,27,-0.2,4.9,4.5,5.3,-0.18,5.3,4.9,5.6,-0.31,,10,9,12,-0.21,,,,,,,17.0,13.0,20.0,,,,9.0,7.0,10.0,23,21,26,0.07,37,30.0,46.0,-0.18,7.6,-0.96,33,26.0,41.0,0.34,16,1.39,15,15,16,0.7,8,27,30,19,40,0.05,139,613.2,0.13,38,32,44,0.56,,,,,,,24.0,15.0,38.0,,,,40.0,33.0,47.0,1764,11,9,12,-1.13,12.0,54.0,1867.0,-0.36,5.0,22.0,4479.0,0.59,6.0,27.0,3732.0,0.57,6690,0.54,,,4416.0,,6544.0,33,1.14,,,32.0,,34.0,40,0.06,,,31.0,,41.0,12782,16168,79,75,83,0.91,2483,6186,40,33.0,48.0,1.24,266,8685,3.1,-0.41,26,17,34,-0.07,,,34.0,,30.0,84389,16869,5.0,-0.32,1404,4586,31,18,43,-0.33,19,8.5,0.86,20.0,89.0,-1.6,119,106,87,125,0.92,,,,,,,106.0,69.0,155.0,,,,110.0,89.0,135.0,10.0,0.66,No,-0.34,9,6,12,8,5,11,1,0,1,1,0,1,-1.32,87,82,92,0.41,,,,,,,,,,,,,,,,8167,52,44,60,1.47,
5,5,5,5,6,1009,Alabama,Blount,,1100,11096,10087,12105,0.07,,,,,,,,,,,,,,,,,,,,,22,19,25,-0.68,5.0,4.5,5.5,0.01,5.4,4.9,5.8,-0.06,,7,7,8,-1.52,,,,,,,,,,6.0,5.0,8.0,7.0,7.0,8.0,23,20,26,0.01,33,27.0,39.0,-1.11,7.9,-1.27,33,28.0,39.0,0.32,16,1.42,16,15,17,0.94,15,82,18,13,24,-0.98,176,303.4,-0.94,31,28,34,-0.27,,,,,,,,,,30.0,22.0,40.0,32.0,28.0,35.0,6642,14,12,16,0.89,12.0,21.0,4820.0,1.09,11.0,19.0,5257.0,0.78,10.0,17.0,5783.0,0.71,4440,-0.91,,,10909.0,,4458.0,37,0.3,,,,13.0,37.0,40,0.06,,,22.0,31.0,41.0,32028,39791,80,78,82,0.56,7862,14102,56,51.0,61.0,-0.36,676,25331,2.7,-0.83,21,16,26,-0.65,,,4.0,38.0,15.0,95721,21618,4.4,-1.01,3003,13372,22,17,28,-0.96,45,7.8,1.08,279.0,483.0,0.48,311,108,96,120,1.05,,,,,,,,,,41.0,20.0,73.0,116.0,103.0,130.0,10.6,1.25,No,-0.34,10,8,12,7,6,9,2,1,2,1,1,2,-1.03,88,86,89,0.57,,,,,,,,,,80.0,47.0,100.0,84.0,80.0,88.0,21690,58,54,62,2.11,
6,6,6,6,7,1011,Alabama,Bullock,,189,10802,8440,13163,-0.07,,,,,,,,,,,,,,,,,,,,,31,28,35,1.75,5.5,5.1,5.9,1.08,5.4,5.0,5.8,0.05,,15,13,18,2.24,,,,,,,17.0,14.0,20.0,10.0,5.0,15.0,,,,25,22,28,0.85,47,30.0,62.0,1.77,5.0,1.72,42,29.0,56.0,2.3,3,2.06,12,11,12,-1.46,12,22,55,45,63,2.32,126,1222.2,2.26,46,36,56,1.53,,,,,,,47.0,37.0,60.0,63.0,30.0,116.0,,,,815,12,10,14,-0.4,3.0,30.0,3379.0,0.7,2.0,20.0,5051.0,0.74,3.0,30.0,3367.0,0.53,5645,-0.13,,,6366.0,,3822.0,32,1.35,,,25.0,,45.0,29,1.92,,,22.0,,43.0,5303,7101,75,68,81,1.99,854,2655,32,21.0,44.0,2.05,175,4818,3.6,0.2,40,24,56,1.58,,,67.0,5.0,,70400,12503,5.6,0.43,1561,2119,74,61,87,2.96,8,7.9,1.05,33.0,311.0,-0.43,51,99,74,130,0.49,,,,,,,109.0,77.0,148.0,,,,89.0,43.0,163.0,9.2,-0.12,No,-0.34,20,13,27,19,12,26,0,0,1,2,0,4,2.35,81,65,97,-1.67,,,,,,,74.0,60.0,88.0,,,,77.0,67.0,86.0,4319,47,30,64,0.97,
7,7,7,7,8,1013,Alabama,Butler,,398,12848,10897,14799,0.93,,,,,,,,,13158.0,10411.0,15906.0,,,,,,13128.0,10134.0,16123.0,,28,25,30,0.84,5.4,5.0,5.8,0.82,5.7,5.4,6.1,1.0,,12,11,14,0.78,,,,,,,15.0,12.0,17.0,,,,9.0,7.0,12.0,23,20,25,-0.04,47,38.0,55.0,1.81,6.8,-0.14,40,32.0,49.0,1.84,49,-0.16,13,12,13,-0.98,16,52,31,24,38,0.16,185,933.2,1.25,37,31,43,0.45,,,,,,,37.0,30.0,46.0,,,,38.0,29.0,48.0,1838,12,10,14,-0.38,5.0,25.0,3936.0,0.88,6.0,31.0,3241.0,0.1,11.0,57.0,1768.0,0.14,8070,1.43,,,9099.0,,7696.0,39,-0.12,,,43.0,,36.0,35,0.9,,,25.0,,40.0,11753,13819,85,83,87,-0.56,1962,4868,40,34.0,47.0,1.22,338,9263,3.6,0.22,35,24,45,0.95,,,48.0,77.0,14.0,83270,16618,5.0,-0.31,1841,4455,41,33,50,0.49,19,9.7,0.49,117.0,582.0,1.01,98,99,80,121,0.5,,,,,,,90.0,64.0,123.0,,,,112.0,85.0,145.0,8.9,-0.42,Yes,2.91,12,9,14,11,8,13,2,1,3,0,0,1,-0.46,86,82,90,0.07,,,,,,,82.0,77.0,88.0,,,,90.0,88.0,91.0,7820,31,26,36,-0.84,
8,8,8,8,9,1015,Alabama,Calhoun,,2340,11327,10628,12025,0.18,,,,,,,,,10559.0,9125.0,11994.0,,,,,,11837.0,10996.0,12678.0,,24,21,27,-0.25,4.9,4.4,5.3,-0.18,5.7,5.3,6.1,0.89,,9,9,10,-0.6,,,,,,,14.0,13.0,16.0,6.0,4.0,8.0,8.0,7.0,8.0,21,18,24,-0.72,40,36.0,44.0,0.31,6.6,0.07,31,28.0,35.0,-0.16,48,-0.12,14,13,14,-0.3,16,106,15,11,20,-1.27,683,595.3,0.07,32,30,34,-0.13,,,,,,,32.0,28.0,36.0,35.0,26.0,47.0,33.0,30.0,35.0,10166,11,10,13,-0.84,73.0,64.0,1565.0,-0.81,77.0,68.0,1475.0,-2.03,139.0,122.0,817.0,-0.8,5879,0.02,,,7507.0,5196.0,5630.0,33,1.14,,41.0,36.0,35.0,33.0,40,0.06,,46.0,31.0,29.0,42.0,66793,79108,84,83,86,-0.41,16959,28823,59,55.0,63.0,-0.67,1635,46209,3.5,0.1,25,18,31,-0.23,,20.0,49.0,30.0,16.0,93318,19267,4.8,-0.51,7506,24756,30,27,34,-0.36,163,14.3,-0.97,871.0,756.0,1.93,527,92,84,100,0.06,,,,,,,72.0,58.0,89.0,46.0,22.0,85.0,102.0,92.0,111.0,10.8,1.45,No,-0.34,13,11,14,11,9,12,2,1,2,1,1,1,-0.21,84,83,86,-0.5,,,,,,,84.0,80.0,88.0,87.0,74.0,99.0,88.0,86.0,90.0,47207,31,29,33,-0.8,
9,9,9,9,10,1017,Alabama,Chambers,,635,10371,9066,11677,-0.28,,,,,,,,,9759.0,7861.0,11656.0,,,,,,10550.0,8744.0,12355.0,,25,23,27,0.11,5.0,4.7,5.4,0.09,5.5,5.1,5.8,0.27,,13,11,14,0.94,,,,,,,17.0,15.0,19.0,,,,9.0,8.0,11.0,23,21,25,0.13,42,34.0,50.0,0.86,6.7,-0.04,29,22.0,36.0,-0.69,62,-0.8,14,13,14,-0.33,11,37,30,21,39,0.06,240,711.9,0.48,42,37,47,1.13,,,,,,,45.0,37.0,52.0,,,,40.0,33.0,47.0,3092,12,10,13,-0.55,14.0,42.0,2401.0,0.17,6.0,18.0,5542.0,0.84,1.0,3.0,33254.0,0.91,5784,-0.04,,,6653.0,,5416.0,36,0.51,,,37.0,,36.0,43,-0.45,,,31.0,,48.0,19417,23789,82,79,84,0.28,3966,7964,50,43.0,56.0,0.25,462,15748,2.9,-0.54,30,21,40,0.46,,,31.0,88.0,12.0,83878,17480,4.8,-0.57,2408,7065,34,27,41,-0.07,61,18.1,-2.2,181.0,529.0,0.73,154,91,77,106,0.02,,,,,,,56.0,40.0,77.0,,,,120.0,98.0,142.0,10.2,0.86,No,-0.34,15,12,18,11,9,14,3,2,4,1,0,2,0.54,86,84,88,0.12,,,,,,,86.0,79.0,94.0,,,,86.0,78.0,93.0,14367,30,26,33,-0.95,
10,10,10,10,11,1019,Alabama,Cherokee,,571,11737,10056,13417,0.38,,,,,,,,,,,,,,,,,,,,,23,20,26,-0.45,4.9,4.5,5.4,-0.15,5.6,5.1,6.1,0.55,,8,7,10,-1.02,,,,,,,,,,,,,,,,24,20,27,0.27,38,31.0,46.0,0.03,7.7,-1.07,30,24.0,38.0,-0.32,33,0.57,16,15,17,1.0,11,50,22,15,30,-0.64,100,386.7,-0.65,33,28,38,-0.09,,,,,,,,,,,,,,,,2682,13,12,15,0.53,10.0,38.0,2603.0,0.31,4.0,15.0,6549.0,1.0,6.0,23.0,4366.0,0.63,5178,-0.44,,,6466.0,,5138.0,35,0.72,,,37.0,,35.0,50,-1.63,,,35.0,,51.0,15396,18874,82,79,84,0.29,2576,5366,48,41.0,55.0,0.43,338,11604,2.9,-0.57,23,14,32,-0.38,2.0,,5.0,,16.0,84157,17419,4.8,-0.53,1105,5245,21,14,28,-1.06,22,8.5,0.87,86.0,330.0,-0.32,137,106,88,123,0.93,,,,,,,,,,,,,,,,10.3,0.96,No,-0.34,12,9,14,10,7,13,2,0,3,1,0,1,-0.52,82,76,88,-1.28,,,,,,,,,,,,,,,,9865,46,40,52,0.8,
11,11,11,11,12,1021,Alabama,Chilton,,814,10109,9049,11169,-0.41,,,,,,,,,10080.0,7133.0,13835.0,,,,,,10549.0,9329.0,11769.0,,24,21,27,-0.12,4.9,4.5,5.4,-0.1,5.5,5.1,5.9,0.27,,9,8,10,-0.95,,,,,,,16.0,13.0,20.0,7.0,4.0,9.0,8.0,7.0,9.0,23,21,26,0.22,42,35.0,49.0,0.77,7.6,-0.96,33,27.0,40.0,0.32,46,-0.05,15,14,15,0.16,16,73,22,16,28,-0.65,151,342.7,-0.81,45,40,49,1.41,,,,,,,32.0,22.0,45.0,56.0,41.0,74.0,45.0,40.0,50.0,5930,16,14,18,2.17,10.0,23.0,4415.0,1.0,13.0,29.0,3418.0,0.19,24.0,54.0,1851.0,0.18,3869,-1.28,,,3040.0,,3984.0,38,0.09,,,38.0,,38.0,42,-0.28,,,30.0,36.0,43.0,24572,30046,82,80,84,0.24,4678,11656,40,35.0,45.0,1.24,538,19818,2.7,-0.78,23,16,30,-0.4,,,11.0,39.0,23.0,89957,18244,4.9,-0.41,2982,10629,28,23,34,-0.53,66,14.9,-1.19,223.0,508.0,0.62,203,92,79,105,0.07,,,,,,,83.0,50.0,129.0,,,,98.0,83.0,112.0,10.2,0.86,No,-0.34,15,12,17,12,9,14,3,1,4,1,0,2,0.47,84,80,87,-0.69,,,,,,,81.0,69.0,92.0,,,,82.0,78.0,86.0,17263,51,45,56,1.31,
12,12,12,12,13,1023,Alabama,Choctaw,,262,11232,8923,13542,0.14,,,,,,,,,13268.0,9494.0,17042.0,,,,,,9734.0,6853.0,12615.0,,26,24,29,0.45,5.2,4.8,5.6,0.46,5.6,5.3,6.0,0.67,,11,9,13,0.3,,,,,,,15.0,12.0,19.0,,,,8.0,6.0,10.0,23,21,26,0.16,47,40.0,54.0,1.9,6.1,0.58,34,28.0,40.0,0.4,29,0.79,14,13,14,-0.41,13,21,62,53,69,2.99,49,378.5,-0.68,32,25,39,-0.21,,,,,,,31.0,22.0,42.0,,,,33.0,25.0,44.0,1319,13,12,15,0.53,5.0,39.0,2568.0,0.29,6.0,48.0,2098.0,-0.87,1.0,8.0,12589.0,0.84,5039,-0.53,,,4942.0,,5163.0,48,-2.01,,,51.0,,46.0,34,1.07,,,28.0,,38.0,7592,9329,81,78,85,0.34,1608,2695,60,,,-0.76,218,4670,4.7,1.3,30,20,41,0.46,,,64.0,,18.0,86909,14739,5.9,0.74,1152,2603,44,36,52,0.71,28,21.8,-3.0,17.0,128.0,-1.39,61,95,72,121,0.22,,,,,,,96.0,63.0,141.0,,,,96.0,67.0,133.0,8.9,-0.42,No,-0.34,11,8,14,9,6,12,1,0,3,2,1,3,-0.6,85,80,89,-0.42,,,,,,,95.0,90.0,100.0,,,,84.0,77.0,90.0,4075,46,38,54,0.84,
13,13,13,13,14,1025,Alabama,Clarke,,447,11294,9677,12911,0.17,,,,,,,,,13839.0,11294.0,16385.0,,,,,,9219.0,7190.0,11248.0,,27,24,29,0.55,5.3,4.9,5.7,0.7,5.6,5.2,5.9,0.59,,13,12,14,1.11,,,,,,,17.0,15.0,19.0,,,,9.0,7.0,11.0,24,22,27,0.6,36,29.0,43.0,-0.45,5.7,0.99,41,34.0,47.0,1.88,25,0.96,14,13,14,-0.25,11,38,29,20,38,-0.01,139,577.2,0.01,39,34,44,0.73,,,,,,,45.0,37.0,52.0,,,,34.0,27.0,41.0,2371,13,11,14,0.0,13.0,54.0,1840.0,-0.39,8.0,34.0,2953.0,-0.08,17.0,72.0,1390.0,-0.08,5206,-0.42,,,7379.0,,4398.0,36,0.51,,,39.0,,35.0,30,1.75,,,23.0,,33.0,13511,16770,81,78,83,0.54,2236,5460,41,34.0,47.0,1.15,436,7557,5.8,2.47,29,17,40,0.25,,,44.0,,11.0,90585,10905,8.3,3.61,1683,5273,32,24,40,-0.23,38,15.9,-1.49,116.0,475.0,0.44,105,87,70,104,-0.26,,,,,,,85.0,62.0,114.0,,,,92.0,70.0,119.0,9.1,-0.22,No,-0.34,13,10,16,12,9,14,2,1,3,1,0,1,-0.14,88,85,91,0.88,,,,,,,90.0,84.0,96.0,,,,88.0,77.0,99.0,7663,40,34,46,0.18,
14,14,14,14,15,1027,Alabama,Clay,,260,10820,8751,12889,-0.06,,,,,,,,,,,,,,,,,,,,,25,22,28,0.15,5.1,4.7,5.6,0.32,5.7,5.3,6.1,0.8,,9,7,10,-1.01,,,,,,,16.0,10.0,21.0,,,,7.0,6.0,9.0,25,22,28,0.99,37,28.0,47.0,-0.2,7.5,-0.86,34,26.0,43.0,0.42,64,-0.89,16,15,17,0.78,10,21,48,37,57,1.69,86,643.4,0.24,36,29,44,0.31,,,,,,,28.0,15.0,48.0,,,,37.0,29.0,46.0,1651,16,14,18,1.94,5.0,38.0,2655.0,0.34,2.0,15.0,6618.0,1.01,2.0,15.0,6618.0,0.74,6054,0.13,,,2571.0,,6213.0,36,0.51,,,37.0,,36.0,44,-0.62,,,23.0,,45.0,7254,9459,77,73,81,1.49,1043,3047,34,26.0,43.0,1.84,183,6101,3.0,-0.47,26,18,34,-0.06,,,36.0,80.0,17.0,87481,18455,4.7,-0.63,807,2778,29,20,38,-0.45,15,11.3,-0.03,42.0,309.0,-0.44,64,96,74,122,0.29,,,,,,,102.0,49.0,187.0,,,,97.0,73.0,127.0,7.4,-1.89,No,-0.34,10,6,13,8,5,12,0,0,1,1,0,2,-1.22,87,84,91,0.52,,,,,,,83.0,71.0,94.0,,,,82.0,78.0,87.0,5457,39,31,47,0.07,
15,15,15,15,16,1029,Alabama,Cleburne,,303,11428,9357,13498,0.23,,,,,,,,,,,,,,,,,,,,,23,20,26,-0.47,4.9,4.4,5.4,-0.17,5.5,5.0,5.9,0.26,,8,6,10,-1.26,,,,,,,,,,,,,,,,24,21,27,0.5,34,25.0,44.0,-0.9,7.2,-0.55,26,19.0,34.0,-1.27,41,0.18,16,15,17,0.84,8,28,29,19,39,-0.04,39,261.7,-1.09,32,26,39,-0.21,,,,,,,,,,,,,,,,1623,14,12,16,0.59,3.0,20.0,4996.0,1.12,,,nan,0.0,8.0,54.0,1864.0,0.18,4838,-0.66,,,3520.0,,4572.0,27,2.4,,,35.0,,27.0,41,-0.11,,,51.0,,41.0,8283,10481,79,76,82,0.92,1590,3486,46,38.0,54.0,0.68,183,5806,3.2,-0.31,18,11,25,-1.02,,,,59.0,24.0,85132,18074,4.7,-0.67,565,3383,17,9,25,-1.4,11,7.3,1.22,16.0,103.0,-1.53,79,106,84,132,0.93,,,,,,,,,,,,,,,,9.8,0.47,No,-0.34,13,10,16,11,8,15,1,0,2,1,0,3,-0.17,85,82,87,-0.43,,,,,,,,,,,,,,,,5428,55,47,62,1.74,
16,16,16,16,17,1031,Alabama,Coffee,,812,8355,7498,9213,-1.26,,,,,,,,,10354.0,8148.0,12559.0,,,,,,8768.0,7680.0,9856.0,,22,19,24,-0.8,4.6,4.2,5.0,-0.85,4.8,4.5,5.2,-1.65,,9,8,10,-0.92,,,,,,,16.0,13.0,18.0,8.0,6.0,10.0,7.0,6.0,8.0,21,19,24,-0.66,37,31.0,42.0,-0.33,7.2,-0.55,32,27.0,37.0,-0.05,54,-0.41,16,15,17,0.88,17,54,31,24,39,0.22,312,601.5,0.09,26,23,29,-0.92,,,,,,,33.0,26.0,41.0,58.0,43.0,75.0,21.0,18.0,24.0,5359,13,11,14,-0.02,24.0,46.0,2163.0,-0.04,17.0,32.0,3079.0,0.0,40.0,76.0,1309.0,-0.14,4561,-0.83,,,5553.0,3529.0,4485.0,40,-0.33,,47.0,41.0,35.0,40.0,38,0.4,,34.0,31.0,25.0,40.0,30326,35293,86,84,88,-0.78,8564,13288,64,59.0,70.0,-1.25,623,21402,2.9,-0.57,22,16,28,-0.56,82.0,,53.0,38.0,13.0,107986,22192,4.9,-0.48,3616,12259,29,24,35,-0.42,72,13.9,-0.85,142.0,276.0,-0.61,169,65,56,75,-1.63,,,,,,,50.0,31.0,74.0,69.0,37.0,118.0,71.0,59.0,83.0,9.1,-0.22,No,-0.34,11,9,12,9,8,11,1,1,2,0,0,1,-0.87,87,85,89,0.4,,,,,,,84.0,80.0,89.0,90.0,85.0,95.0,86.0,83.0,88.0,22345,28,25,31,-1.12,
17,17,17,17,18,1033,Alabama,Colbert,,1086,10467,9482,11452,-0.23,,,,,,,,,11544.0,9022.0,14067.0,,,,,,10602.0,9478.0,11726.0,,22,19,24,-0.76,4.6,4.2,5.0,-0.8,5.3,4.9,5.7,-0.3,,11,10,12,-0.03,,,,,,,15.0,12.0,17.0,8.0,4.0,12.0,10.0,9.0,11.0,22,19,25,-0.38,37,31.0,43.0,-0.26,7.0,-0.34,35,30.0,41.0,0.69,56,-0.5,16,15,17,0.84,17,70,24,18,31,-0.43,232,425.7,-0.52,31,28,35,-0.25,,,,,,,24.0,18.0,32.0,37.0,21.0,61.0,33.0,29.0,37.0,4936,11,10,13,-0.71,35.0,64.0,1565.0,-0.81,27.0,49.0,2046.0,-0.94,20.0,36.0,2762.0,0.44,6521,0.43,,,6660.0,,6484.0,40,-0.33,,,46.0,,39.0,47,-1.12,,56.0,42.0,31.0,48.0,33176,38959,85,83,87,-0.59,6933,13190,53,48.0,58.0,-0.03,885,23646,3.7,0.31,19,12,26,-0.84,,,39.0,11.0,17.0,90070,18950,4.8,-0.62,3329,11537,29,24,33,-0.47,92,16.8,-1.78,218.0,400.0,0.05,212,78,67,88,-0.85,,,,,,,53.0,34.0,79.0,,,,86.0,73.0,98.0,7.5,-1.79,No,-0.34,14,12,16,13,11,14,1,0,1,1,0,1,0.11,90,88,91,1.28,,,,,,,94.0,90.0,98.0,,,,91.0,89.0,93.0,22521,29,26,32,-1.05,
18,18,18,18,19,1035,Alabama,Conecuh,,302,13182,10693,15672,1.09,,,,,,,,,16272.0,12292.0,20252.0,,,,,,10382.0,7366.0,13397.0,,29,27,32,1.2,5.4,5.1,5.8,0.93,5.8,5.4,6.1,1.12,,14,12,16,1.42,,,,,,,18.0,15.0,22.0,,,,9.0,7.0,12.0,26,24,28,1.25,42,32.0,52.0,0.82,5.8,0.89,43,33.0,53.0,2.34,37,0.4,13,12,13,-0.82,5,28,18,9,29,-1.02,82,657.6,0.29,36,29,44,0.28,,,,,,,34.0,25.0,44.0,,,,38.0,27.0,53.0,1166,12,11,14,-0.05,5.0,41.0,2455.0,0.21,2.0,17.0,6034.0,0.92,7.0,58.0,1724.0,0.12,12212,3.0,,,13902.0,,12016.0,35,0.72,,,40.0,,32.0,45,-0.79,,,38.0,,49.0,7449,8833,84,81,88,-0.38,1046,2656,39,27.0,52.0,1.31,180,4533,4.0,0.56,35,21,48,0.97,,,38.0,,15.0,70778,14655,4.8,-0.53,1219,2604,47,34,59,0.91,9,7.3,1.23,48.0,387.0,-0.02,57,92,70,119,0.07,,,,,,,94.0,62.0,137.0,,,,95.0,64.0,136.0,8.8,-0.52,No,-0.34,13,9,18,10,7,14,1,0,3,3,0,5,0.08,89,85,92,1.05,,,,,,,87.0,81.0,94.0,,,,86.0,77.0,94.0,4194,37,28,46,-0.15,
19,19,19,19,20,1037,Alabama,Coosa,,216,12687,9546,15828,0.85,,,,,,,,,,,,,,,,,,,,,26,23,28,0.26,5.2,4.8,5.6,0.37,5.4,5.1,5.8,0.05,,14,11,17,1.62,,,,,,,20.0,14.0,25.0,,,,11.0,8.0,14.0,25,22,27,0.72,45,35.0,55.0,1.39,6.7,-0.04,36,27.0,46.0,0.86,6,1.87,14,14,15,0.06,10,29,34,25,44,0.49,66,613.7,0.14,37,29,47,0.5,,,,,,,33.0,21.0,49.0,,,,40.0,30.0,54.0,1003,13,11,14,0.01,,,nan,0.0,,,nan,0.0,1.0,9.0,10663.0,0.82,4737,-0.72,,,4619.0,,4915.0,36,0.51,,,44.0,,34.0,42,-0.28,,,29.0,,46.0,6607,8259,80,76,84,0.68,954,2378,40,31.0,49.0,1.24,135,4549,3.0,-0.51,28,17,39,0.15,,,43.0,,9.0,83863,18345,4.6,-0.84,521,1801,29,19,39,-0.46,12,11.2,0.0,27.0,255.0,-0.72,60,112,86,145,1.35,,,,,,,115.0,70.0,180.0,,,,116.0,83.0,157.0,9.8,0.47,No,-0.34,13,9,17,11,7,15,2,0,3,1,0,2,-0.09,82,76,88,-1.26,,,,,,,,,,,,,,,,4075,40,30,50,0.19,
20,20,20,20,21,1039,Alabama,Covington,,807,11526,10238,12814,0.28,,,,,,,,,14045.0,10330.0,17760.0,,,,,,11428.0,9996.0,12860.0,,23,21,27,-0.32,5.0,4.6,5.5,0.11,5.4,4.9,5.8,-0.08,,10,9,11,-0.16,,,,,,,16.0,12.0,19.0,,,,10.0,8.0,11.0,23,20,27,0.21,36,29.0,42.0,-0.52,6.9,-0.24,37,31.0,42.0,1.01,50,-0.24,15,14,16,0.47,10,49,20,13,28,-0.79,159,428.7,-0.51,42,37,46,1.05,,,,,,,34.0,25.0,46.0,,,,44.0,38.0,49.0,3524,12,11,14,-0.2,18.0,49.0,2055.0,-0.14,14.0,38.0,2646.0,-0.3,26.0,70.0,1425.0,-0.05,9451,2.32,,,8371.0,,9701.0,40,-0.33,,,49.0,25.0,39.0,40,0.06,,,28.0,28.0,42.0,21958,26324,83,82,85,-0.16,4425,8416,53,47.0,58.0,-0.03,534,15653,3.4,-0.04,27,19,34,0.01,,67.0,56.0,51.0,23.0,85919,16811,5.1,-0.19,2375,8150,29,25,34,-0.45,46,12.4,-0.39,125.0,331.0,-0.32,152,82,69,94,-0.6,,,,,,,45.0,23.0,81.0,,,,87.0,73.0,102.0,8.8,-0.52,No,-0.34,12,10,14,9,8,11,2,1,3,1,1,2,-0.4,89,87,91,1.05,,,,,,,87.0,80.0,94.0,,,,91.0,89.0,93.0,14646,28,25,31,-1.12,
21,21,21,21,22,1041,Alabama,Crenshaw,,297,10407,8534,12281,-0.26,,,,,,,,,9031.0,6048.0,12970.0,,,,,,11483.0,9060.0,13905.0,,25,22,27,-0.03,5.0,4.6,5.4,0.06,5.5,5.1,5.9,0.31,,10,8,12,-0.25,,,,,,,15.0,10.0,19.0,,,,9.0,7.0,11.0,23,20,26,0.08,35,27.0,45.0,-0.62,6.0,0.69,34,26.0,44.0,0.56,22,1.1,14,14,15,0.02,10,17,59,48,68,2.71,96,692.1,0.41,33,27,40,-0.03,,,,,,,31.0,20.0,45.0,,,,33.0,25.0,42.0,1418,13,11,15,0.13,2.0,14.0,6912.0,1.36,2.0,15.0,6886.0,1.04,9.0,65.0,1530.0,0.02,7005,0.74,,,5884.0,,7242.0,41,-0.54,,,37.0,,42.0,40,0.06,,,29.0,,42.0,7674,9690,79,76,82,0.88,1534,3247,47,40.0,55.0,0.51,183,6476,2.8,-0.66,25,15,35,-0.18,,,31.0,18.0,15.0,89760,16384,5.5,0.24,1176,3106,38,29,47,0.22,14,10.1,0.34,45.0,332.0,-0.32,57,82,62,106,-0.56,,,,,,,,,,,,,,,,9.0,-0.32,No,-0.34,10,7,12,9,6,11,1,0,2,0,0,1,-1.14,80,76,84,-1.97,,,,,,,79.0,55.0,100.0,,,,78.0,72.0,83.0,5641,45,39,51,0.71,
22,22,22,22,23,1043,Alabama,Cullman,,1516,10115,9337,10893,-0.41,,,,,,,,,,,,,,,,,,,,,22,19,25,-0.73,4.9,4.4,5.3,-0.24,5.2,4.8,5.7,-0.51,,8,8,9,-1.12,,,,,,,,,,5.0,3.0,8.0,8.0,8.0,9.0,23,19,26,-0.13,36,30.0,42.0,-0.54,7.6,-0.96,34,28.0,41.0,0.49,42,0.17,15,14,16,0.68,36,125,29,24,33,-0.02,195,235.6,-1.18,38,35,41,0.61,,,,,,,31.0,16.0,53.0,45.0,33.0,59.0,38.0,35.0,41.0,9309,14,12,15,0.73,44.0,53.0,1896.0,-0.32,42.0,50.0,1994.0,-1.01,124.0,148.0,676.0,-1.17,6117,0.17,,,7899.0,3084.0,6102.0,44,-1.17,,,,38.0,44.0,44,-0.62,,,20.0,26.0,44.0,47078,57726,82,80,83,0.3,10879,20469,53,49.0,57.0,-0.09,998,38646,2.6,-0.92,17,11,23,-1.13,,,22.0,36.0,18.0,89007,20280,4.4,-1.05,4079,18647,22,18,26,-1.0,94,11.3,-0.02,106.0,129.0,-1.39,398,96,87,105,0.32,,,,,,,,,,,,,,,,10.5,1.15,No,-0.34,12,11,14,10,8,11,2,1,2,1,1,2,-0.27,87,85,89,0.24,,,,,,,79.0,75.0,83.0,83.0,72.0,95.0,88.0,85.0,90.0,33790,33,31,36,-0.57,
23,23,23,23,24,1045,Alabama,Dale,,860,10261,9229,11293,-0.34,,,,,,,,,11592.0,9374.0,13810.0,,,,,,10383.0,9105.0,11661.0,,22,20,25,-0.65,4.7,4.3,5.1,-0.58,5.1,4.7,5.4,-0.86,,8,7,9,-1.17,,,,,,,13.0,11.0,15.0,10.0,6.0,13.0,6.0,5.0,7.0,21,19,24,-0.61,42,36.0,48.0,0.75,6.3,0.38,32,27.0,37.0,-0.03,46,-0.05,16,15,16,0.75,12,47,26,18,34,-0.32,338,686.6,0.39,34,30,37,0.05,,,,,,,39.0,32.0,47.0,30.0,19.0,46.0,33.0,28.0,37.0,4378,11,9,13,-0.89,10.0,20.0,4896.0,1.1,18.0,37.0,2732.0,-0.23,47.0,96.0,1046.0,-0.42,4863,-0.64,,,7318.0,,4442.0,41,-0.54,,38.0,39.0,32.0,42.0,42,-0.28,,41.0,32.0,35.0,43.0,28858,33509,86,84,88,-0.82,7533,12978,58,53.0,63.0,-0.59,642,20724,3.1,-0.37,28,21,34,0.15,,,50.0,10.0,23.0,91271,18874,4.8,-0.52,3335,11363,29,24,34,-0.43,56,11.4,-0.08,214.0,437.0,0.24,198,80,69,92,-0.67,,,,,,,60.0,41.0,85.0,,,,90.0,76.0,104.0,9.2,-0.12,No,-0.34,13,11,15,12,10,14,1,1,2,0,0,1,0.05,86,85,88,0.19,,,,,,,90.0,86.0,94.0,81.0,68.0,94.0,89.0,87.0,91.0,20189,25,22,28,-1.44,
24,24,24,24,25,1047,Alabama,Dallas,,859,13776,12396,15156,1.38,,,,,,,,,14573.0,12917.0,16229.0,,,,,,11564.0,9009.0,14119.0,,30,27,33,1.4,5.3,4.9,5.7,0.69,5.4,5.1,5.8,0.19,,14,13,15,1.54,,,,,,,15.0,14.0,17.0,,,,9.0,7.0,11.0,25,22,28,0.85,42,38.0,46.0,0.84,5.3,1.41,33,29.0,37.0,0.23,60,-0.69,12,11,13,-1.39,24,57,42,36,48,1.19,293,747.2,0.6,36,33,40,0.38,,,,,,,39.0,35.0,44.0,,,,25.0,18.0,33.0,3478,11,10,13,-0.68,29.0,76.0,1321.0,-1.33,12.0,32.0,3100.0,0.02,23.0,62.0,1617.0,0.07,7664,1.17,,,9688.0,,5475.0,43,-0.96,,,43.0,,42.0,36,0.73,,67.0,26.0,,46.0,21443,26200,82,80,84,0.23,4658,8954,52,46.0,58.0,0.02,807,14711,5.5,2.17,41,28,54,1.71,,,52.0,,21.0,77570,13034,6.0,0.81,5940,9376,63,58,69,2.17,48,12.5,-0.42,380.0,925.0,2.83,225,115,100,130,1.51,,,,,,,119.0,101.0,137.0,,,,108.0,82.0,140.0,9.7,0.37,No,-0.34,19,17,22,16,14,19,4,3,5,1,1,2,2.06,91,89,92,1.67,,,,,,,91.0,88.0,94.0,,,,92.0,90.0,94.0,14029,29,25,33,-1.02,
25,25,25,25,26,1049,Alabama,DeKalb,,1284,10537,9649,11425,-0.2,,,,,,,,,,,,,3424.0,2236.0,5016.0,,11926.0,10820.0,13033.0,,27,24,31,0.65,5.5,5.0,6.0,1.02,5.9,5.4,6.3,1.4,,8,8,9,-1.1,,,,,,,,,,7.0,6.0,8.0,9.0,8.0,10.0,25,22,28,0.92,30,25.0,36.0,-1.68,7.3,-0.65,33,28.0,38.0,0.21,45,0.01,13,13,14,-0.48,21,82,26,20,32,-0.31,180,251.3,-1.13,37,34,40,0.49,,,,,,,38.0,21.0,64.0,49.0,42.0,57.0,34.0,31.0,38.0,10995,19,17,21,3.61,28.0,39.0,2549.0,0.27,21.0,29.0,3405.0,0.18,19.0,27.0,3764.0,0.58,5915,0.04,,,7488.0,,5940.0,35,0.72,,,30.0,34.0,35.0,44,-0.62,,,34.0,39.0,44.0,35918,47990,75,73,77,1.95,7954,17400,46,41.0,50.0,0.67,870,31052,2.8,-0.68,29,23,36,0.34,64.0,22.0,5.0,57.0,21.0,82348,16881,4.9,-0.47,3828,17505,22,18,26,-1.0,62,8.7,0.8,196.0,312.0,-0.42,383,107,97,118,1.04,,,,,,,,,,33.0,19.0,52.0,124.0,111.0,137.0,7.7,-1.59,No,-0.34,11,9,13,8,7,10,3,2,4,1,0,1,-0.69,84,82,86,-0.57,,,,,,,,,,73.0,63.0,83.0,85.0,83.0,88.0,29311,32,29,36,-0.64,
26,26,26,26,27,1051,Alabama,Elmore,,1217,8112,7406,8818,-1.38,,,,,,,,,10818.0,9134.0,12501.0,,,,,,7676.0,6864.0,8489.0,,19,17,22,-1.36,4.2,3.8,4.6,-1.57,4.9,4.5,5.3,-1.42,,9,9,10,-0.57,,,,,,,16.0,14.0,18.0,8.0,5.0,12.0,7.0,7.0,8.0,19,17,22,-1.54,35,29.0,41.0,-0.73,7.4,-0.76,25,20.0,29.0,-1.6,52,-0.31,15,14,15,0.25,27,65,42,35,47,1.14,408,499.5,-0.26,26,24,29,-0.89,,,,,,,31.0,26.0,36.0,27.0,16.0,44.0,25.0,22.0,28.0,6409,10,9,11,-1.54,21.0,26.0,3899.0,0.87,13.0,16.0,6247.0,0.95,18.0,22.0,4512.0,0.64,5677,-0.11,,,7369.0,,5507.0,44,-1.17,,,42.0,40.0,44.0,41,-0.11,,57.0,32.0,27.0,42.0,48590,56093,87,85,88,-0.95,12268,22339,55,51.0,59.0,-0.27,979,37565,2.6,-0.89,18,13,23,-1.04,,,29.0,42.0,9.0,114545,25965,4.4,-1.03,3828,18217,21,17,25,-1.07,91,11.1,0.03,195.0,239.0,-0.81,311,76,68,85,-0.94,,,,,,,66.0,50.0,85.0,,,,82.0,72.0,92.0,10.6,1.25,Yes,2.91,11,10,13,9,8,11,1,1,2,1,0,1,-0.69,86,85,88,0.2,,,,,,,80.0,76.0,85.0,,,,84.0,80.0,88.0,34080,44,40,47,0.57,
27,27,27,27,28,1053,Alabama,Escambia,,784,11843,10576,13109,0.44,,,,,,,,,13682.0,11246.0,16117.0,,,,,,11145.0,9606.0,12684.0,,28,26,31,0.91,5.3,5.0,5.7,0.7,5.6,5.3,5.9,0.66,,10,9,11,-0.49,9.0,4.0,14.0,,,,15.0,12.0,17.0,13.0,6.0,21.0,7.0,6.0,8.0,25,23,28,1.07,37,30.0,44.0,-0.37,6.3,0.38,34,28.0,40.0,0.36,48,-0.14,15,14,15,0.2,16,59,27,20,34,-0.18,184,491.4,-0.29,43,38,47,1.16,50.0,30.0,79.0,,,,41.0,34.0,48.0,51.0,25.0,94.0,42.0,36.0,49.0,4094,15,13,17,1.37,12.0,33.0,3062.0,0.56,14.0,38.0,2617.0,-0.33,23.0,63.0,1593.0,0.05,7234,0.89,14609.0,,6248.0,,7301.0,34,0.93,29.0,,36.0,,34.0,37,0.56,46.0,,29.0,,39.0,20981,25859,81,79,83,0.4,3758,9701,39,34.0,44.0,1.38,514,14762,3.5,0.04,27,18,36,0.07,15.0,,49.0,22.0,22.0,75568,14044,5.4,0.13,3387,8288,41,33,49,0.45,55,15.0,-1.2,169.0,446.0,0.29,225,121,105,137,1.88,,,,,,,78.0,57.0,104.0,,,,150.0,128.0,173.0,8.8,-0.52,No,-0.34,11,9,13,9,7,11,2,1,3,1,0,1,-0.68,90,88,92,1.36,91.0,78.0,100.0,,,,87.0,83.0,91.0,,,,90.0,88.0,92.0,12649,28,24,32,-1.12,
28,28,28,28,29,1055,Alabama,Etowah,,2178,11495,10744,12245,0.27,,,,,,,,,13447.0,11503.0,15391.0,,,,,,11467.0,10609.0,12326.0,,22,19,25,-0.68,4.8,4.4,5.2,-0.38,5.4,5.0,5.8,0.1,,9,9,10,-0.62,,,,,,,14.0,13.0,16.0,6.0,4.0,8.0,8.0,8.0,9.0,23,20,26,0.09,36,32.0,40.0,-0.43,6.7,-0.04,34,30.0,38.0,0.38,49,-0.2,15,14,16,0.45,16,99,16,11,22,-1.17,544,529.4,-0.16,39,36,42,0.72,,,,,,,45.0,39.0,51.0,64.0,50.0,80.0,36.0,33.0,39.0,10125,12,11,14,-0.06,82.0,80.0,1250.0,-1.52,53.0,52.0,1930.0,-1.11,124.0,121.0,825.0,-0.79,6934,0.7,,,9868.0,10686.0,6620.0,28,2.19,,,33.0,,27.0,38,0.4,,38.0,26.0,38.0,40.0,60905,72032,85,83,86,-0.44,14075,24917,56,53.0,60.0,-0.43,1428,42723,3.3,-0.11,27,21,33,0.06,90.0,28.0,47.0,55.0,21.0,89468,19000,4.7,-0.67,7307,22047,33,29,37,-0.14,159,15.5,-1.37,619.0,604.0,1.13,476,93,84,101,0.11,,,,,,,80.0,61.0,102.0,,,,99.0,90.0,109.0,8.2,-1.1,No,-0.34,11,9,12,9,8,10,1,1,2,1,0,1,-0.87,87,86,88,0.34,,,,,,,82.0,79.0,86.0,76.0,66.0,87.0,88.0,86.0,89.0,41552,28,26,31,-1.09,
29,29,29,29,30,1057,Alabama,Fayette,,327,10521,8693,12348,-0.21,,,,,,,,,,,,,,,,,,,,,24,21,27,-0.21,5.1,4.7,5.6,0.27,5.5,5.1,6.0,0.5,,11,9,12,-0.08,,,,,,,20.0,14.0,26.0,,,,9.0,7.0,11.0,24,21,27,0.6,38,29.0,47.0,-0.14,7.1,-0.45,30,23.0,38.0,-0.4,34,0.53,15,14,16,0.34,4,18,22,10,36,-0.62,76,461.5,-0.39,37,31,44,0.52,,,,,,,28.0,14.0,51.0,,,,39.0,32.0,46.0,1575,12,11,14,-0.14,17.0,103.0,967.0,-2.55,5.0,31.0,3260.0,0.11,2.0,12.0,8151.0,0.78,4667,-0.77,,,2123.0,,4794.0,38,0.09,,,33.0,,38.0,47,-1.12,,,39.0,64.0,47.0,9669,11706,83,79,86,0.04,1946,3802,51,44.0,58.0,0.11,207,6579,3.1,-0.32,23,14,32,-0.42,,,62.0,,24.0,79568,15443,5.2,-0.14,984,3480,28,18,38,-0.51,14,8.5,0.85,,,0.0,84,102,81,126,0.68,,,,,,,108.0,54.0,194.0,,,,102.0,80.0,129.0,9.2,-0.12,Yes,2.91,12,9,14,10,7,12,2,0,3,1,0,2,-0.53,86,82,89,-0.02,,,,,,,,,,,,,,,,6275,44,37,51,0.62,
30,30,30,30,31,1059,Alabama,Franklin,,515,9762,8533,10991,-0.58,,,,,,,,,,,,,,,,,,,,,26,23,29,0.24,5.1,4.7,5.6,0.31,5.3,4.9,5.7,-0.23,,10,8,11,-0.53,,,,,,,,,,8.0,6.0,9.0,10.0,9.0,12.0,23,20,25,-0.1,37,30.0,44.0,-0.35,7.4,-0.76,37,29.0,45.0,1.1,58,-0.62,15,14,16,0.38,3,35,9,3,18,-1.86,87,276.2,-1.04,47,41,52,1.68,,,,,,,,,,62.0,50.0,76.0,44.0,39.0,50.0,4219,16,14,18,2.21,14.0,45.0,2240.0,0.04,8.0,26.0,3920.0,0.41,2.0,6.0,15681.0,0.87,8158,1.49,,,11677.0,,8136.0,34,0.93,,,44.0,21.0,34.0,40,0.06,,,24.0,18.0,41.0,16047,20786,77,75,80,1.37,3263,7724,42,37.0,48.0,1.02,405,14696,2.8,-0.73,25,16,33,-0.24,,,22.0,52.0,27.0,85147,20457,4.2,-1.32,3056,7876,39,30,48,0.29,29,9.2,0.62,83.0,264.0,-0.67,130,83,68,97,-0.54,,,,,,,,,,,,,,,,9.1,-0.22,No,-0.34,11,9,14,7,5,9,4,2,5,1,0,2,-0.65,83,79,87,-1.01,,,,,,,,,,55.0,43.0,67.0,87.0,84.0,90.0,12752,38,33,44,-0.01,
31,31,31,31,32,1061,Alabama,Geneva,,556,11998,10414,13581,0.51,,,,,,,,,15297.0,10529.0,21482.0,,,,,,12283.0,10496.0,14070.0,,26,23,30,0.43,5.6,5.1,6.1,1.23,5.7,5.3,6.2,1.05,,8,7,9,-1.34,,,,,,,18.0,12.0,23.0,,,,7.0,5.0,8.0,25,22,28,0.97,41,33.0,49.0,0.65,7.0,-0.34,41,34.0,48.0,1.95,20,1.2,15,15,16,0.66,9,32,28,19,38,-0.08,115,435.3,-0.48,43,38,49,1.27,,,,,,,44.0,30.0,62.0,38.0,21.0,65.0,44.0,38.0,51.0,2949,14,12,16,0.94,8.0,30.0,3289.0,0.66,2.0,8.0,13136.0,1.44,6.0,23.0,4379.0,0.63,5955,0.07,,,5946.0,,6020.0,37,0.3,,,44.0,,36.0,45,-0.79,,,43.0,25.0,46.0,14988,18660,80,78,83,0.6,2787,5948,47,40.0,54.0,0.55,320,11045,2.9,-0.58,21,11,31,-0.62,,,61.0,38.0,28.0,82768,15925,5.2,-0.09,1788,5818,31,24,38,-0.32,23,8.7,0.78,111.0,414.0,0.12,117,88,72,104,-0.17,,,,,,,84.0,42.0,150.0,,,,92.0,74.0,109.0,8.8,-0.52,No,-0.34,10,8,13,9,6,11,2,1,2,0,0,1,-1.0,86,83,89,-0.08,,,,,,,,,,,,,,,,10030,40,35,45,0.22,
32,32,32,32,33,1063,Alabama,Greene,,187,12918,9943,15893,0.96,,,,,,,,,,,,,,,,,,,,,34,31,38,2.53,6.0,5.5,6.5,2.05,5.8,5.4,6.3,1.36,,16,13,18,2.34,,,,,,,,,,,,,,,,27,24,30,1.65,38,27.0,50.0,-0.05,3.8,2.95,24,15.0,35.0,-1.78,6,1.88,10,10,11,-2.22,14,44,32,24,40,0.25,100,1200.5,2.18,49,39,60,1.92,,,,,,,,,,,,,,,,731,12,10,14,-0.5,4.0,49.0,2058.0,-0.14,1.0,12.0,8111.0,1.17,1.0,12.0,8111.0,0.78,6410,0.36,,,6466.0,,6943.0,29,1.98,,,27.0,,35.0,32,1.41,,,27.0,,45.0,4589,5793,79,74,85,0.87,940,1805,52,36.0,69.0,0.02,161,2883,5.6,2.27,46,29,63,2.28,,,60.0,,19.0,57140,9943,5.7,0.56,1356,1884,72,53,91,2.83,7,8.5,0.86,55.0,669.0,1.47,35,84,59,117,-0.43,,,,,,,,,,,,,,,,9.1,-0.22,No,-0.34,19,13,25,16,11,22,3,1,6,1,0,3,1.92,73,61,84,-3.0,,,,,,,97.0,93.0,100.0,,,,76.0,61.0,91.0,2381,42,28,56,0.41,
33,33,33,33,34,1065,Alabama,Hale,,322,13672,11339,16006,1.33,,,,,,,,,15630.0,12381.0,18879.0,,,,,,10844.0,7627.0,14062.0,,29,26,32,1.15,5.3,4.9,5.7,0.62,5.6,5.2,6.0,0.67,,12,10,14,0.73,,,,,,,16.0,14.0,19.0,,,,5.0,3.0,7.0,24,21,26,0.47,45,37.0,53.0,1.49,6.3,0.38,32,25.0,38.0,-0.01,30,0.74,12,11,12,-1.54,7,22,32,20,43,0.25,223,1505.5,3.0,35,28,41,0.16,,,,,,,38.0,30.0,47.0,,,,29.0,20.0,41.0,1324,11,10,13,-0.69,3.0,20.0,4909.0,1.1,2.0,14.0,7326.0,1.09,2.0,14.0,7326.0,0.76,6585,0.47,,,7132.0,,6331.0,31,1.56,,,31.0,,32.0,34,1.07,,,24.0,,44.0,8334,9921,84,81,87,-0.3,1464,3203,46,,,0.67,241,6119,3.9,0.52,31,18,43,0.51,,,51.0,,15.0,77708,12448,6.2,1.15,1756,3446,51,41,61,1.22,10,6.8,1.4,29.0,209.0,-0.97,67,90,70,115,-0.05,,,,,,,79.0,55.0,111.0,,,,100.0,68.0,143.0,9.4,0.07,No,-0.34,15,12,18,12,9,15,4,2,5,0,0,1,0.68,89,84,94,1.04,,,,,,,90.0,80.0,99.0,,,,88.0,76.0,100.0,5229,53,44,61,1.53,
34,34,34,34,35,1067,Alabama,Henry,,335,9576,7839,11312,-0.67,,,,,,,,,11637.0,8235.0,15973.0,,,,,,8915.0,6954.0,10875.0,,23,21,26,-0.31,4.8,4.4,5.2,-0.33,5.4,5.0,5.8,0.14,,10,9,12,-0.1,,,,,,,19.0,14.0,23.0,,,,8.0,6.0,10.0,23,20,26,0.08,35,27.0,43.0,-0.69,7.6,-0.96,29,22.0,37.0,-0.62,25,0.96,15,14,16,0.33,4,18,22,10,36,-0.62,98,571.5,-0.01,27,22,33,-0.76,,,,,,,37.0,27.0,50.0,,,,24.0,18.0,32.0,1826,14,12,16,0.75,5.0,29.0,3442.0,0.72,5.0,29.0,3441.0,0.2,3.0,17.0,5735.0,0.71,4344,-0.97,,,4688.0,,4282.0,44,-1.17,,,39.0,,46.0,41,-0.11,,,27.0,,44.0,9659,12168,79,77,82,0.83,1934,3764,51,43.0,59.0,0.09,247,6944,3.6,0.12,29,21,37,0.32,,,46.0,5.0,9.0,95722,19778,4.8,-0.52,779,3583,22,15,28,-1.01,23,13.4,-0.69,34.0,197.0,-1.03,69,80,62,102,-0.68,,,,,,,48.0,24.0,86.0,,,,97.0,73.0,125.0,9.0,-0.32,No,-0.34,10,7,12,9,6,11,1,0,2,0,0,1,-1.21,87,84,90,0.4,,,,,,,82.0,59.0,100.0,,,,85.0,83.0,87.0,6811,37,31,42,-0.16,
35,35,35,35,36,1069,Alabama,Houston,,1635,9244,8551,9938,-0.83,,,,,,,,,13201.0,11678.0,14724.0,,,,,,7761.0,6993.0,8530.0,,23,21,26,-0.33,4.9,4.5,5.2,-0.25,5.3,4.9,5.7,-0.28,,11,10,11,0.07,,,,6.0,3.0,10.0,17.0,16.0,18.0,6.0,4.0,9.0,8.0,7.0,8.0,22,19,25,-0.22,39,35.0,43.0,0.05,6.9,-0.24,32,29.0,37.0,0.12,67,-1.02,13,13,14,-0.45,24,83,29,23,35,-0.01,627,600.9,0.09,33,30,35,-0.08,,,,,,,46.0,41.0,51.0,42.0,30.0,58.0,26.0,23.0,28.0,10795,13,12,14,0.09,94.0,90.0,1114.0,-1.95,70.0,66.0,1513.0,-1.94,161.0,152.0,658.0,-1.23,4703,-0.74,,,5814.0,6612.0,4484.0,42,-0.75,,22.0,42.0,42.0,42.0,44,-0.62,,48.0,32.0,35.0,47.0,62123,72199,86,85,87,-0.8,15744,26595,59,57.0,61.0,-0.71,1390,46234,3.0,-0.47,28,23,32,0.15,,21.0,49.0,34.0,14.0,99190,19121,5.2,-0.1,8539,24284,35,33,37,0.01,121,11.6,-0.11,508.0,488.0,0.51,382,73,66,80,-1.14,,,,,,,59.0,47.0,73.0,62.0,31.0,112.0,79.0,70.0,89.0,7.1,-2.18,No,-0.34,13,13,14,12,11,13,1,1,2,0,0,1,0.05,88,87,89,0.81,,,,84.0,76.0,92.0,86.0,84.0,88.0,72.0,66.0,78.0,91.0,90.0,91.0,43855,26,24,27,-1.38,
36,36,36,36,37,1071,Alabama,Jackson,,1143,11126,10105,12147,0.09,,,,,,,,,,,,,,,,,,,,,25,22,28,0.1,5.5,5.0,6.0,0.95,5.7,5.3,6.2,1.08,,9,8,10,-0.8,,,,,,,17.0,11.0,22.0,7.0,3.0,10.0,9.0,8.0,10.0,24,21,27,0.43,36,28.0,43.0,-0.56,7.1,-0.45,34,28.0,42.0,0.45,47,-0.09,15,14,16,0.32,18,74,24,18,31,-0.43,105,202.3,-1.3,34,31,38,0.11,,,,,,,34.0,19.0,54.0,53.0,35.0,78.0,34.0,30.0,38.0,5448,13,12,15,0.43,28.0,54.0,1848.0,-0.38,19.0,37.0,2717.0,-0.25,25.0,48.0,2065.0,0.26,5480,-0.24,,,4149.0,,5459.0,44,-1.17,,,39.0,,44.0,44,-0.62,,,38.0,40.0,44.0,30781,36999,83,82,85,-0.1,5535,12186,45,41.0,50.0,0.7,772,23484,3.3,-0.17,20,13,27,-0.82,1.0,,18.0,62.0,22.0,82170,16690,4.9,-0.42,2946,10961,27,22,32,-0.62,47,9.1,0.67,163.0,317.0,-0.39,239,92,80,104,0.06,,,,,,,,,,,,,,,,10.0,0.66,Yes,2.91,12,10,14,9,7,11,2,1,3,1,1,2,-0.53,86,85,88,0.19,,,,,,,,,,,,,,,,19927,41,36,45,0.23,
37,37,37,37,38,1073,Alabama,Jefferson,,11347,11082,10785,11380,0.07,,,,,3815.0,2555.0,5479.0,,13544.0,13050.0,14038.0,,5785.0,4705.0,6866.0,,9390.0,9002.0,9779.0,,20,18,23,-1.12,4.1,3.8,4.5,-1.72,4.7,4.4,5.1,-1.94,,11,11,12,0.32,,,,11.0,9.0,13.0,15.0,15.0,16.0,7.0,6.0,7.0,8.0,8.0,8.0,18,16,21,-1.91,35,32.0,37.0,-0.77,6.6,0.07,29,27.0,31.0,-0.6,79,-1.6,17,17,18,1.76,64,429,15,13,17,-1.28,5121,776.9,0.7,27,26,28,-0.84,,,,,,,37.0,36.0,38.0,62.0,56.0,69.0,14.0,13.0,14.0,60158,11,10,12,-0.83,717.0,109.0,920.0,-2.79,607.0,92.0,1085.0,-3.44,1256.0,191.0,524.0,-1.79,4558,-0.84,,2487.0,5601.0,2510.0,4185.0,42,-0.75,,37.0,41.0,29.0,43.0,47,-1.12,,46.0,33.0,37.0,51.0,405059,449743,90,90,90,-1.79,122924,179072,69,67.0,70.0,-1.67,9091,318755,2.9,-0.63,23,19,26,-0.48,43.0,7.0,35.0,34.0,8.0,112597,21014,5.4,0.1,56880,150840,38,36,39,0.21,957,14.5,-1.05,5623.0,873.0,2.55,3374,102,99,106,0.72,,,,21.0,11.0,37.0,104.0,99.0,109.0,59.0,47.0,74.0,107.0,102.0,112.0,10.8,1.45,No,-0.34,16,16,17,15,14,15,1,1,2,1,1,1,1.02,83,83,84,-0.9,70.0,67.0,74.0,73.0,66.0,80.0,81.0,80.0,82.0,75.0,73.0,77.0,88.0,88.0,89.0,300213,34,33,35,-0.5,
38,38,38,38,39,1075,Alabama,Lamar,,268,11152,9003,13300,0.1,,,,,,,,,,,,,,,,,,,,,25,22,28,0.05,5.2,4.8,5.7,0.52,5.8,5.4,6.3,1.31,,9,7,11,-0.85,,,,,,,11.0,5.0,16.0,,,,9.0,7.0,10.0,24,22,28,0.62,34,26.0,43.0,-0.92,7.1,-0.45,31,24.0,39.0,-0.16,10,1.68,15,14,16,0.22,5,22,23,12,35,-0.57,36,258.1,-1.1,39,31,46,0.69,,,,,,,45.0,26.0,71.0,,,,39.0,31.0,48.0,1276,12,10,14,-0.37,,,nan,0.0,3.0,22.0,4602.0,0.62,2.0,14.0,6903.0,0.75,5917,0.04,,,7602.0,,5640.0,38,0.09,,,35.0,,39.0,43,-0.45,,,27.0,,44.0,8100,9837,82,80,85,0.11,1405,2955,48,39.0,56.0,0.48,179,5849,3.1,-0.41,22,13,30,-0.58,,,74.0,54.0,28.0,80778,15443,5.2,-0.05,727,3050,24,16,31,-0.85,10,7.2,1.26,23.0,162.0,-1.22,64,92,71,118,0.08,,,,,,,,,,,,,,,,8.8,-0.52,No,-0.34,10,7,13,7,5,10,1,0,3,2,0,3,-1.09,90,85,94,1.3,,,,,,,,,,,,,,,,5191,44,37,51,0.61,
39,39,39,39,40,1077,Alabama,Lauderdale,,1508,8624,7935,9313,-1.13,,,,,,,,,11823.0,9303.0,14343.0,,,,,,8371.0,7638.0,9104.0,,20,18,23,-1.07,4.5,4.0,4.9,-1.06,5.1,4.7,5.5,-0.82,,10,9,11,-0.41,,,,,,,18.0,15.0,21.0,7.0,4.0,10.0,9.0,8.0,10.0,20,17,23,-1.25,32,28.0,37.0,-1.26,7.4,-0.76,27,23.0,31.0,-1.06,65,-0.97,16,15,16,0.76,18,80,23,17,29,-0.59,411,444.1,-0.45,22,20,24,-1.46,,,,,,,23.0,18.0,29.0,44.0,31.0,62.0,21.0,19.0,23.0,8454,12,10,13,-0.49,46.0,50.0,2008.0,-0.19,52.0,56.0,1783.0,-1.36,146.0,157.0,635.0,-1.31,5141,-0.46,,,7256.0,,4972.0,40,-0.33,,33.0,38.0,44.0,40.0,51,-1.8,,24.0,39.0,46.0,51.0,55580,63606,87,86,89,-1.13,12241,21252,58,53.0,62.0,-0.55,1388,42548,3.3,-0.2,20,14,27,-0.72,,,40.0,16.0,14.0,92959,20437,4.5,-0.86,4411,18252,24,20,28,-0.83,135,14.6,-1.08,248.0,269.0,-0.65,364,79,71,87,-0.78,,,,,,,50.0,32.0,74.0,,,,84.0,75.0,93.0,9.6,0.27,No,-0.34,12,10,13,10,8,11,1,1,2,1,0,1,-0.54,88,87,89,0.85,,,,,,,89.0,81.0,97.0,84.0,71.0,97.0,89.0,89.0,89.0,39687,31,29,34,-0.76,
40,40,40,40,41,1079,Alabama,Lawrence,,680,11511,10147,12875,0.27,,,,,,,,,15882.0,11235.0,20528.0,,,,,,11894.0,10311.0,13478.0,,24,21,26,-0.25,5.0,4.6,5.4,-0.05,5.5,5.1,5.9,0.24,,8,7,9,-1.11,,,,,,,12.0,8.0,17.0,,,,8.0,7.0,9.0,24,21,27,0.57,33,24.0,42.0,-1.17,7.4,-0.76,30,22.0,40.0,-0.38,49,-0.18,15,14,16,0.4,10,42,24,16,32,-0.48,87,263.2,-1.08,37,32,41,0.4,,,,,,,28.0,18.0,42.0,42.0,20.0,78.0,43.0,37.0,48.0,3706,14,12,16,0.77,5.0,15.0,6591.0,1.33,3.0,9.0,10975.0,1.35,42.0,128.0,784.0,-0.88,6273,0.27,,,8532.0,,5959.0,38,0.09,,,44.0,,37.0,40,0.06,,,34.0,,41.0,18489,23314,79,76,82,0.85,3758,7770,48,42.0,55.0,0.4,447,14306,3.1,-0.34,23,15,31,-0.44,4.0,,37.0,39.0,22.0,95759,18795,5.1,-0.21,1739,7177,24,18,30,-0.82,41,12.4,-0.39,84.0,260.0,-0.69,176,106,91,122,0.98,,,,,,,132.0,85.0,195.0,,,,113.0,95.0,132.0,10.0,0.66,No,-0.34,11,9,13,10,7,12,1,0,2,1,0,1,-0.77,87,86,89,0.56,,,,,,,,,,,,,,,,12273,50,45,55,1.25,
41,41,41,41,42,1081,Alabama,Lee,,1815,7241,6764,7718,-1.81,,,,,,,,,11170.0,9951.0,12389.0,,,,,,6276.0,5739.0,6814.0,,20,18,22,-1.2,4.6,4.2,4.9,-0.83,5.1,4.7,5.5,-0.79,,9,9,10,-0.77,,,,6.0,4.0,8.0,15.0,13.0,16.0,8.0,6.0,10.0,7.0,6.0,7.0,19,17,22,-1.55,31,27.0,35.0,-1.57,6.7,-0.04,20,17.0,24.0,-2.6,68,-1.08,17,16,18,1.59,27,85,32,26,37,0.25,808,500.0,-0.26,16,14,17,-2.25,,,,,,,27.0,24.0,30.0,37.0,28.0,47.0,11.0,10.0,12.0,14710,11,9,12,-1.17,84.0,51.0,1952.0,-0.26,54.0,33.0,3047.0,-0.02,154.0,94.0,1068.0,-0.39,4517,-0.86,,,5076.0,,4301.0,36,0.51,,27.0,34.0,22.0,38.0,45,-0.79,,41.0,34.0,33.0,49.0,88206,97055,91,90,92,-1.99,31546,42520,74,70.0,78.0,-2.24,2080,76580,2.7,-0.78,14,8,20,-1.46,,4.0,40.0,12.0,11.0,107658,17139,6.3,1.2,9482,34345,28,24,31,-0.56,132,8.1,1.0,652.0,416.0,0.13,499,62,56,67,-1.85,,,,31.0,15.0,56.0,73.0,61.0,85.0,,,,62.0,55.0,68.0,10.8,1.45,No,-0.34,19,18,21,17,15,18,3,2,4,1,0,1,1.95,83,82,84,-0.95,,,,78.0,72.0,84.0,83.0,78.0,87.0,75.0,65.0,85.0,82.0,80.0,84.0,73873,29,27,31,-1.01,
42,42,42,42,43,1083,Alabama,Limestone,,1305,7447,6824,8069,-1.71,,,,,,,,,7767.0,6127.0,9408.0,,,,,,7776.0,7031.0,8521.0,,20,17,23,-1.17,4.4,3.9,4.8,-1.29,4.8,4.4,5.2,-1.64,,9,9,10,-0.67,,,,11.0,5.0,17.0,14.0,11.0,17.0,8.0,6.0,10.0,9.0,8.0,10.0,20,17,23,-1.1,33,27.0,40.0,-1.11,7.7,-1.07,26,21.0,32.0,-1.19,61,-0.75,16,15,17,0.82,29,117,25,20,30,-0.39,401,424.8,-0.52,23,21,25,-1.29,,,,,,,17.0,13.0,23.0,48.0,39.0,59.0,22.0,19.0,24.0,8671,11,10,12,-0.93,35.0,36.0,2748.0,0.4,28.0,28.0,3533.0,0.24,52.0,53.0,1902.0,0.2,5178,-0.44,,,7795.0,5228.0,4960.0,43,-0.96,,,45.0,35.0,43.0,48,-1.29,,55.0,40.0,37.0,49.0,55844,65942,85,83,86,-0.47,14636,25429,58,53.0,62.0,-0.54,1154,43854,2.6,-0.87,16,12,21,-1.21,,,22.0,41.0,16.0,115903,23314,5.0,-0.36,4709,21536,22,19,25,-1.0,85,8.8,0.75,147.0,160.0,-1.23,297,63,56,70,-1.8,,,,,,,53.0,37.0,74.0,56.0,32.0,91.0,67.0,58.0,75.0,10.6,1.25,No,-0.34,11,10,13,9,8,10,2,1,3,1,0,1,-0.72,89,84,93,0.92,,,,,,,86.0,78.0,93.0,83.0,67.0,98.0,86.0,84.0,87.0,40176,43,40,46,0.48,
43,43,43,43,44,1085,Alabama,Lowndes,,247,16340,13301,19379,2.63,,,,,,,,,,,,,,,,,,,,,31,28,34,1.67,5.6,5.2,6.0,1.24,5.7,5.3,6.1,0.89,,14,11,16,1.38,,,,,,,,,,,,,,,,26,24,29,1.43,44,35.0,53.0,1.13,5.0,1.72,33,25.0,41.0,0.14,5,1.94,11,11,12,-1.61,9,29,31,21,41,0.18,99,982.5,1.42,31,24,39,-0.32,,,,,,,,,,,,,,,,928,12,10,13,-0.49,1.0,10.0,9974.0,1.56,,,nan,0.0,,,nan,0.0,6720,0.56,,,7963.0,,5288.0,40,-0.33,,,39.0,,42.0,38,0.4,,,31.0,,44.0,5533,7062,78,75,81,1.09,853,2369,36,27.0,45.0,1.66,204,3587,5.7,2.38,36,22,50,1.13,,,47.0,,6.0,74640,11613,6.4,1.37,1167,2271,51,41,62,1.26,6,6.0,1.64,56.0,671.0,1.48,68,134,104,170,2.75,,,,,,,125.0,92.0,167.0,,,,164.0,102.0,251.0,9.4,0.07,No,-0.34,18,14,21,15,12,19,1,0,3,2,0,3,1.42,88,83,93,0.73,,,,,,,81.0,71.0,92.0,,,,87.0,79.0,94.0,3357,60,49,71,2.36,
44,44,44,44,45,1087,Alabama,Macon,,432,13612,11582,15641,1.3,,,,,,,,,,,,,,,,,,,,,28,25,31,0.86,5.1,4.7,5.6,0.29,5.3,4.9,5.7,-0.11,,14,12,16,1.62,,,,,,,15.0,13.0,17.0,,,,11.0,7.0,15.0,23,19,25,-0.17,51,39.0,63.0,2.68,4.9,1.82,33,23.0,43.0,0.14,31,0.67,11,10,12,-1.95,16,48,33,26,41,0.39,226,1205.0,2.2,22,18,25,-1.49,,,,,,,21.0,17.0,25.0,,,,35.0,21.0,56.0,1492,12,10,14,-0.55,7.0,38.0,2634.0,0.33,5.0,28.0,3614.0,0.28,75.0,415.0,241.0,-3.0,5535,-0.21,,,5907.0,,3666.0,35,0.72,,,34.0,,38.0,34,1.07,,,32.0,,40.0,9843,12033,82,79,84,0.24,2070,3712,56,48.0,64.0,-0.36,337,7850,4.3,0.9,39,24,54,1.5,,,42.0,,10.0,75565,12567,6.0,0.88,1601,3197,50,39,61,1.16,13,7.1,1.32,138.0,734.0,1.82,99,106,86,129,0.95,,,,,,,106.0,84.0,132.0,,,,123.0,74.0,192.0,10.0,0.66,Yes,2.91,19,16,21,17,14,20,1,0,2,1,0,2,1.76,85,81,88,-0.33,,,,,,,80.0,72.0,88.0,,,,95.0,85.0,100.0,6935,39,33,44,0.04,
45,45,45,45,46,1089,Alabama,Madison,,4795,8089,7750,8428,-1.39,,,,,,,,,9802.0,9082.0,10522.0,,4161.0,3190.0,5334.0,,8002.0,7575.0,8430.0,,18,16,20,-1.74,3.8,3.4,4.1,-2.47,4.4,4.1,4.8,-2.74,,10,9,10,-0.39,,,,8.0,6.0,10.0,16.0,15.0,16.0,8.0,7.0,9.0,7.0,7.0,8.0,17,14,20,-2.49,34,30.0,37.0,-0.94,7.5,-0.86,24,22.0,28.0,-1.64,69,-1.15,15,15,16,0.72,61,197,31,27,35,0.17,2378,658.6,0.29,19,18,20,-1.84,,,,,,,26.0,24.0,28.0,39.0,34.0,45.0,14.0,13.0,15.0,28897,9,9,10,-1.76,326.0,89.0,1124.0,-1.92,211.0,57.0,1767.0,-1.39,554.0,149.0,673.0,-1.18,4610,-0.8,,1953.0,6907.0,2600.0,4292.0,47,-1.8,,41.0,44.0,42.0,48.0,47,-1.12,18.0,47.0,33.0,37.0,49.0,227198,247760,92,91,92,-2.19,69477,94366,74,71.0,76.0,-2.18,4714,185219,2.5,-0.96,17,13,20,-1.15,4.0,,35.0,43.0,8.0,134172,25836,5.2,-0.1,20582,79559,26,24,28,-0.7,392,10.7,0.16,2155.0,611.0,1.16,1259,70,66,73,-1.36,,,,24.0,13.0,41.0,61.0,53.0,68.0,45.0,32.0,61.0,78.0,73.0,83.0,7.5,-1.79,No,-0.34,12,11,12,10,10,11,1,1,2,1,0,1,-0.52,88,87,89,0.7,89.0,65.0,100.0,83.0,78.0,87.0,88.0,86.0,89.0,81.0,76.0,86.0,89.0,89.0,90.0,175522,27,26,28,-1.22,
46,46,46,46,47,1091,Alabama,Marengo,,422,13500,11493,15507,1.24,,,,,,,,,14394.0,11537.0,17250.0,,,,,,10160.0,7584.0,12735.0,,27,24,29,0.52,5.1,4.7,5.5,0.24,5.4,5.0,5.7,0.02,,12,10,13,0.57,,,,,,,15.0,13.0,17.0,,,,7.0,5.0,9.0,23,21,25,0.09,45,39.0,51.0,1.43,5.7,0.99,33,28.0,39.0,0.23,43,0.11,13,12,13,-0.89,6,26,23,13,34,-0.54,94,485.2,-0.31,26,21,31,-0.91,,,,,,,31.0,24.0,39.0,,,,19.0,13.0,27.0,1604,11,9,12,-1.11,9.0,47.0,2118.0,-0.08,5.0,27.0,3773.0,0.35,7.0,37.0,2695.0,0.42,4088,-1.14,,,4219.0,,4083.0,36,0.51,,,34.0,,37.0,36,0.73,,,27.0,,44.0,10974,13092,84,80,88,-0.26,2172,4197,52,,,0.05,271,7694,3.5,0.08,36,25,47,1.16,,,47.0,93.0,2.0,78723,11304,7.0,2.01,1785,4403,41,31,51,0.43,33,17.3,-1.94,88.0,449.0,0.31,93,96,77,117,0.31,,,,,,,108.0,81.0,141.0,,,,84.0,59.0,116.0,9.2,-0.12,No,-0.34,16,13,19,15,11,18,1,0,2,2,1,3,0.96,88,84,92,0.73,,,,,,,92.0,86.0,99.0,,,,80.0,74.0,87.0,6578,30,22,37,-0.92,
47,47,47,47,48,1093,Alabama,Marion,,653,10537,9188,11886,-0.2,,,,,,,,,,,,,,,,,,,,,24,21,27,-0.21,5.1,4.6,5.6,0.28,5.6,5.1,6.1,0.62,,10,8,11,-0.5,,,,,,,18.0,10.0,26.0,15.0,7.0,22.0,9.0,8.0,10.0,24,21,27,0.53,38,31.0,46.0,-0.01,7.0,-0.34,33,26.0,40.0,0.19,47,-0.08,15,14,16,0.42,6,34,18,9,27,-1.04,62,207.8,-1.28,40,35,45,0.85,,,,,,,38.0,18.0,70.0,,,,41.0,36.0,47.0,3002,13,11,15,0.3,10.0,34.0,2976.0,0.52,6.0,20.0,4952.0,0.71,5.0,17.0,5942.0,0.72,7801,1.26,,,7264.0,,7848.0,37,0.3,,,47.0,,37.0,39,0.23,,,31.0,25.0,39.0,16927,21272,80,77,82,0.79,3710,6638,56,49.0,63.0,-0.37,446,12932,3.4,0.0,23,14,32,-0.37,,,74.0,16.0,21.0,75279,14965,5.0,-0.29,1558,6268,25,19,31,-0.77,31,10.4,0.25,89.0,296.0,-0.51,140,94,78,109,0.17,,,,,,,,,,,,,,,,9.1,-0.22,Yes,2.91,10,8,13,9,6,11,1,0,2,1,0,1,-0.93,86,83,89,0.11,,,,,,,,,,,,,,,,11679,28,24,33,-1.09,
48,48,48,48,49,1095,Alabama,Marshall,,1712,9563,8883,10243,-0.68,,,,,,,,,,,,,4477.0,3266.0,5991.0,,10148.0,9356.0,10939.0,,24,21,27,-0.13,5.1,4.6,5.6,0.27,5.4,5.0,5.9,0.2,,8,8,9,-1.17,,,,,,,13.0,9.0,17.0,7.0,6.0,8.0,8.0,8.0,9.0,23,20,26,0.03,37,31.0,44.0,-0.26,7.2,-0.55,37,31.0,43.0,1.17,54,-0.44,15,14,16,0.31,20,83,24,18,30,-0.45,221,231.3,-1.2,45,42,48,1.45,,,,,,,40.0,26.0,59.0,90.0,80.0,100.0,36.0,33.0,39.0,11360,14,13,16,1.08,55.0,57.0,1747.0,-0.52,36.0,37.0,2688.0,-0.27,251.0,259.0,386.0,-2.78,5907,0.03,,,11132.0,3157.0,5916.0,37,0.3,,29.0,35.0,20.0,37.0,49,-1.46,,54.0,48.0,28.0,49.0,52194,63955,82,80,83,0.29,12304,23213,53,49.0,57.0,-0.08,1086,44085,2.5,-1.04,22,15,28,-0.59,,3.0,44.0,52.0,25.0,90703,19723,4.6,-0.8,6743,23880,28,24,32,-0.52,100,10.4,0.25,272.0,286.0,-0.56,418,87,79,96,-0.23,,,,,,,,,,41.0,27.0,59.0,97.0,87.0,107.0,10.7,1.35,No,-0.34,14,13,16,11,10,13,3,2,4,1,1,1,0.38,87,85,88,0.29,,,,,,,72.0,63.0,82.0,79.0,71.0,88.0,88.0,86.0,89.0,38759,33,30,35,-0.61,
49,49,49,49,50,1097,Alabama,Mobile,,7269,10290,9938,10643,-0.32,9935.0,6839.0,13953.0,,4821.0,3412.0,6617.0,,12756.0,12108.0,13404.0,,2778.0,1815.0,4071.0,,9168.0,8732.0,9604.0,,21,19,23,-0.88,4.6,4.2,4.9,-0.81,4.9,4.6,5.3,-1.28,,12,12,12,0.55,14.0,10.0,18.0,10.0,8.0,12.0,16.0,15.0,16.0,9.0,7.0,11.0,9.0,8.0,9.0,21,18,23,-0.91,38,35.0,40.0,-0.09,6.6,0.07,29,27.0,31.0,-0.69,70,-1.2,17,17,18,1.79,132,383,34,32,37,0.49,2993,723.0,0.52,33,32,34,-0.06,31.0,22.0,43.0,12.0,8.0,18.0,43.0,41.0,45.0,22.0,17.0,27.0,26.0,25.0,28.0,44584,13,12,14,0.32,274.0,66.0,1510.0,-0.92,216.0,52.0,1913.0,-1.14,414.0,100.0,998.0,-0.49,6275,0.27,,735.0,8654.0,7593.0,5609.0,37,0.3,,26.0,38.0,22.0,37.0,42,-0.28,48.0,36.0,33.0,32.0,45.0,241102,278838,86,86,87,-0.91,63216,107086,59,57.0,61.0,-0.69,7024,189107,3.7,0.28,26,22,31,-0.01,7.0,25.0,43.0,34.0,16.0,96724,18242,5.3,0.03,37458,97606,38,36,41,0.26,470,11.4,-0.05,2273.0,548.0,0.83,1718,83,79,87,-0.51,92.0,55.0,146.0,35.0,20.0,57.0,79.0,73.0,86.0,25.0,14.0,41.0,90.0,84.0,95.0,8.1,-1.2,No,-0.34,16,15,17,14,13,15,2,2,2,1,1,1,0.9,86,85,87,0.03,78.0,72.0,84.0,78.0,71.0,84.0,85.0,84.0,86.0,82.0,77.0,88.0,88.0,87.0,89.0,172581,37,35,38,-0.19,
50,50,50,50,51,1099,Alabama,Monroe,,418,12250,10361,14139,0.63,,,,,,,,,16732.0,13367.0,20097.0,,,,,,8661.0,6676.0,10646.0,,28,26,31,0.99,5.5,5.2,5.9,1.04,5.6,5.3,5.9,0.7,,12,10,13,0.43,,,,,,,15.0,12.0,17.0,,,,9.0,7.0,11.0,26,23,28,1.11,43,35.0,51.0,1.05,5.4,1.3,36,28.0,43.0,0.9,52,-0.3,13,12,13,-0.95,7,29,24,14,35,-0.45,121,567.4,-0.02,35,30,40,0.21,,,,,,,38.0,31.0,47.0,,,,31.0,25.0,39.0,2262,14,12,16,0.64,9.0,43.0,2341.0,0.12,5.0,24.0,4147.0,0.49,19.0,92.0,1091.0,-0.36,5179,-0.44,,,6585.0,,4724.0,40,-0.33,,,43.0,,38.0,36,0.73,65.0,,25.0,,42.0,12605,14718,86,83,88,-0.71,1816,4676,39,32.0,46.0,1.37,356,7329,4.9,1.5,31,20,43,0.58,,,56.0,,15.0,77535,9399,8.2,3.54,2154,4748,45,34,57,0.8,27,12.8,-0.51,105.0,492.0,0.54,98,92,75,112,0.07,,,,,,,97.0,70.0,131.0,,,,89.0,66.0,116.0,8.9,-0.42,No,-0.34,12,9,14,13,10,16,1,0,2,1,0,1,-0.47,90,87,93,1.51,,,,,,,91.0,83.0,99.0,,,,87.0,83.0,92.0,6361,32,26,38,-0.7,
51,51,51,51,52,1101,Alabama,Montgomery,,3294,9500,9033,9966,-0.71,,,,,,,,,11266.0,10620.0,11912.0,,,,,,7236.0,6515.0,7957.0,,23,21,26,-0.34,4.7,4.3,5.1,-0.61,4.9,4.5,5.3,-1.5,,13,12,13,1.07,,,,10.0,8.0,12.0,16.0,15.0,16.0,7.0,6.0,8.0,8.0,7.0,9.0,20,17,23,-1.31,37,34.0,41.0,-0.24,6.0,0.69,29,26.0,32.0,-0.6,74,-1.37,13,12,13,-0.97,50,165,30,26,34,0.11,2649,1168.8,2.07,36,34,38,0.34,,,,,,,42.0,40.0,44.0,120.0,103.0,136.0,13.0,11.0,15.0,22108,12,11,13,-0.22,230.0,102.0,982.0,-2.49,171.0,76.0,1324.0,-2.48,364.0,161.0,622.0,-1.36,5509,-0.22,,,6792.0,2601.0,4621.0,43,-0.96,,30.0,40.0,18.0,46.0,40,0.06,,41.0,31.0,36.0,45.0,130592,150570,87,86,88,-0.97,38840,61227,63,61.0,66.0,-1.14,3260,105777,3.1,-0.39,23,16,30,-0.38,31.0,19.0,38.0,57.0,7.0,101999,19303,5.3,0.01,23393,53148,44,41,47,0.69,336,14.9,-1.17,1200.0,532.0,0.74,775,68,64,73,-1.43,,,,,,,69.0,63.0,76.0,,,,77.0,69.0,86.0,8.6,-0.71,No,-0.34,18,17,19,16,15,17,2,1,2,1,1,1,1.56,85,84,86,-0.37,,,,83.0,79.0,87.0,86.0,85.0,88.0,81.0,75.0,86.0,87.0,86.0,89.0,100094,21,19,22,-1.91,
52,52,52,52,53,1103,Alabama,Morgan,,2028,9710,9072,10349,-0.6,,,,,,,,,13083.0,11079.0,15087.0,,3858.0,2584.0,5541.0,,9728.0,8986.0,10470.0,,20,18,23,-1.09,4.4,4.0,4.8,-1.23,5.1,4.7,5.5,-0.84,,9,8,9,-0.94,,,,13.0,6.0,19.0,14.0,13.0,16.0,7.0,6.0,8.0,8.0,7.0,8.0,21,18,24,-0.91,36,30.0,42.0,-0.56,7.5,-0.86,27,22.0,32.0,-1.08,59,-0.67,14,13,15,-0.31,21,84,25,19,31,-0.37,422,355.2,-0.76,36,34,39,0.39,,,,,,,49.0,42.0,56.0,66.0,56.0,76.0,30.0,28.0,33.0,12808,13,12,15,0.39,62.0,52.0,1921.0,-0.29,63.0,53.0,1900.0,-1.16,176.0,147.0,680.0,-1.16,6064,0.14,,,8622.0,6889.0,5858.0,40,-0.33,,25.0,38.0,26.0,40.0,45,-0.79,,44.0,33.0,30.0,46.0,69341,82478,84,83,86,-0.32,16496,29405,56,53.0,60.0,-0.39,1500,58271,2.6,-0.93,19,13,25,-0.91,,51.0,46.0,39.0,10.0,99800,22134,4.5,-0.91,7086,27326,26,23,29,-0.69,144,12.1,-0.28,216.0,181.0,-1.12,504,85,77,92,-0.41,,,,,,,75.0,57.0,97.0,28.0,15.0,47.0,94.0,85.0,102.0,7.4,-1.89,No,-0.34,13,11,14,11,10,12,2,1,3,0,0,1,-0.11,88,86,90,0.89,,,,,,,88.0,84.0,93.0,76.0,73.0,78.0,90.0,89.0,91.0,51201,34,31,36,-0.52,
53,53,53,53,54,1105,Alabama,Perry,,196,14437,11442,17433,1.7,,,,,,,,,,,,,,,,,,,,,35,31,38,2.57,6.2,5.8,6.7,2.54,5.9,5.5,6.4,1.67,,15,12,17,1.88,,,,,,,17.0,14.0,20.0,,,,6.0,3.0,10.0,27,24,30,1.85,47,38.0,56.0,1.81,5.1,1.61,36,26.0,46.0,0.88,53,-0.36,11,11,12,-1.74,8,13,62,50,71,2.95,64,685.3,0.39,24,19,31,-1.16,,,,,,,34.0,26.0,43.0,,,,10.0,5.0,18.0,768,12,10,14,-0.49,3.0,33.0,3047.0,0.56,2.0,22.0,4462.0,0.58,4.0,45.0,2231.0,0.31,7088,0.8,,,7957.0,,5050.0,39,-0.12,,,39.0,,39.0,24,2.76,,,19.0,,34.0,4873,5883,83,77,89,-0.01,1370,2210,62,40.0,84.0,-0.99,178,3413,5.2,1.88,46,28,64,2.33,,,47.0,,32.0,52500,10157,5.2,-0.12,1344,2007,67,50,84,2.45,9,9.8,0.43,22.0,381.0,-0.05,43,92,67,124,0.08,,,,,,,98.0,67.0,140.0,,,,86.0,44.0,150.0,9.4,0.07,No,-0.34,17,11,23,16,9,22,2,0,5,1,0,2,1.29,85,79,92,-0.17,,,,,,,,,,,,,,,,2565,38,21,54,-0.09,
54,54,54,54,55,1107,Alabama,Pickens,,335,8848,7332,10364,-1.02,,,,,,,,,9857.0,7426.0,12287.0,,,,,,8161.0,6138.0,10184.0,,27,25,30,0.68,5.2,4.8,5.6,0.45,5.3,5.0,5.6,-0.28,,13,11,15,1.17,,,,,,,17.0,15.0,20.0,,,,9.0,7.0,11.0,24,21,26,0.3,39,31.0,47.0,0.12,6.8,-0.14,26,19.0,34.0,-1.21,6,1.89,13,12,13,-0.81,4,26,15,6,27,-1.24,120,594.8,0.07,33,28,39,0.0,,,,,,,41.0,32.0,50.0,,,,26.0,19.0,34.0,1760,12,10,14,-0.2,8.0,40.0,2492.0,0.23,4.0,20.0,4983.0,0.72,4.0,20.0,4983.0,0.67,5829,-0.02,,,7633.0,,4849.0,44,-1.17,,,41.0,,46.0,46,-0.96,,,38.0,,50.0,11815,14495,82,79,84,0.31,2766,5076,54,47.0,62.0,-0.23,276,7923,3.5,0.04,34,23,45,0.88,,,62.0,,16.0,84022,14460,5.8,0.64,1591,4015,40,31,49,0.36,20,10.0,0.37,35.0,166.0,-1.19,84,83,66,103,-0.51,,,,,,,78.0,54.0,111.0,,,,89.0,66.0,118.0,9.1,-0.22,No,-0.34,13,10,15,11,9,14,2,0,3,1,0,1,-0.19,82,79,86,-1.22,,,,,,,84.0,76.0,91.0,,,,75.0,66.0,83.0,6821,54,46,61,1.65,
55,55,55,55,56,1109,Alabama,Pike,,541,10633,9318,11947,-0.15,,,,,,,,,13968.0,11555.0,16382.0,,,,,,8345.0,6832.0,9859.0,,25,22,27,0.02,5.0,4.6,5.4,-0.04,5.3,5.0,5.7,-0.16,,11,9,12,-0.04,,,,,,,15.0,13.0,17.0,,,,7.0,6.0,8.0,21,19,24,-0.61,38,32.0,45.0,0.01,6.5,0.17,28,22.0,35.0,-0.8,51,-0.29,14,13,15,-0.16,18,50,36,29,43,0.63,275,826.6,0.88,17,15,19,-2.08,,,,,,,26.0,21.0,30.0,,,,12.0,9.0,15.0,3658,14,12,16,0.84,15.0,45.0,2223.0,0.02,10.0,30.0,3311.0,0.14,20.0,60.0,1656.0,0.09,5134,-0.46,,,5123.0,,4975.0,40,-0.33,,,41.0,,39.0,39,0.23,,,31.0,,42.0,16397,19298,85,83,87,-0.54,4255,7199,59,51.0,67.0,-0.7,504,15428,3.3,-0.19,30,21,39,0.39,,18.0,51.0,44.0,12.0,87322,13139,6.6,1.63,2586,6414,40,34,47,0.41,34,10.2,0.32,188.0,564.0,0.92,116,70,57,83,-1.34,,,,,,,78.0,58.0,103.0,,,,64.0,48.0,82.0,9.1,-0.22,No,-0.34,16,12,19,15,12,19,2,1,4,0,0,0,0.76,85,84,87,-0.14,,,,,,,85.0,83.0,87.0,,,,88.0,85.0,90.0,13900,24,20,27,-1.6,
56,56,56,56,57,1111,Alabama,Randolph,,476,12343,10529,14156,0.68,,,,,,,,,15000.0,11097.0,19831.0,,,,,,12040.0,9925.0,14155.0,,24,21,27,-0.15,5.1,4.6,5.5,0.15,5.4,5.0,5.8,0.15,,9,8,11,-0.66,,,,,,,17.0,13.0,21.0,,,,8.0,6.0,9.0,23,20,26,0.07,34,26.0,43.0,-0.9,7.1,-0.45,34,24.0,43.0,0.4,41,0.22,14,13,15,0.02,13,28,46,37,55,1.58,131,577.9,0.01,39,33,44,0.67,,,,,,,34.0,25.0,46.0,55.0,30.0,92.0,39.0,33.0,45.0,2327,13,11,15,0.32,5.0,22.0,4545.0,1.03,3.0,13.0,7574.0,1.12,5.0,22.0,4544.0,0.64,4395,-0.94,,,4780.0,,4326.0,31,1.56,,,35.0,,30.0,33,1.24,,,22.0,23.0,35.0,12563,15776,80,77,82,0.77,2389,4846,49,41.0,57.0,0.3,292,9639,3.0,-0.44,28,18,39,0.22,,,40.0,97.0,20.0,80698,16752,4.8,-0.54,1387,4890,28,20,37,-0.51,22,9.7,0.48,45.0,196.0,-1.03,109,96,78,114,0.32,,,,,,,96.0,60.0,146.0,,,,99.0,79.0,122.0,9.7,0.37,No,-0.34,13,10,16,10,8,13,3,1,4,2,1,3,0.03,88,85,91,0.75,,,,,,,94.0,87.0,100.0,,,,88.0,84.0,93.0,8666,42,36,48,0.35,
57,57,57,57,58,1113,Alabama,Russell,,1080,11200,10226,12174,0.12,,,,,,,,,11551.0,10084.0,13019.0,,,,,,11558.0,10091.0,13026.0,,25,22,27,0.01,4.9,4.5,5.2,-0.2,5.4,5.1,5.8,0.21,,11,10,11,0.0,,,,,,,14.0,13.0,16.0,6.0,4.0,9.0,8.0,7.0,9.0,22,20,25,-0.26,39,30.0,48.0,0.14,6.7,-0.04,32,24.0,41.0,0.12,64,-0.92,14,13,14,-0.26,15,86,17,12,23,-1.05,346,606.5,0.11,36,32,39,0.31,,,,,,,32.0,28.0,36.0,31.0,20.0,45.0,43.0,37.0,49.0,5830,12,10,14,-0.34,15.0,26.0,3852.0,0.86,15.0,26.0,3864.0,0.38,27.0,47.0,2147.0,0.29,4479,-0.89,,,5456.0,,4332.0,37,0.3,,,43.0,11.0,36.0,42,-0.28,,37.0,35.0,29.0,45.0,32623,38920,84,82,86,-0.26,9906,16063,62,56.0,68.0,-0.96,698,23896,2.9,-0.56,25,16,35,-0.13,,25.0,34.0,62.0,17.0,85683,15543,5.5,0.28,5692,14161,40,34,46,0.4,55,9.5,0.53,306.0,505.0,0.6,281,97,85,108,0.36,,,,,,,79.0,64.0,95.0,,,,123.0,105.0,142.0,10.8,1.45,No,-0.34,17,15,20,14,12,16,3,2,5,2,1,2,1.31,87,85,88,0.24,,,,,,,78.0,73.0,83.0,,,,85.0,81.0,89.0,24517,37,33,41,-0.16,
58,58,58,58,59,1115,Alabama,St. Clair,,1492,9242,8518,9966,-0.83,,,,,,,,,7691.0,5776.0,9607.0,,,,,,9695.0,8887.0,10504.0,,21,19,24,-0.83,4.6,4.2,5.1,-0.7,5.3,4.9,5.7,-0.24,,9,8,10,-0.78,,,,,,,17.0,14.0,20.0,8.0,4.0,12.0,8.0,8.0,9.0,21,19,24,-0.62,37,31.0,42.0,-0.33,7.9,-1.27,30,25.0,35.0,-0.4,42,0.14,15,14,16,0.47,13,95,14,9,19,-1.4,196,222.2,-1.23,29,27,32,-0.5,,,,,,,23.0,16.0,31.0,20.0,10.0,35.0,31.0,28.0,34.0,8369,12,10,13,-0.61,15.0,17.0,5913.0,1.26,25.0,28.0,3580.0,0.27,22.0,25.0,4069.0,0.6,5437,-0.27,,,6256.0,,5324.0,38,0.09,,,34.0,,38.0,43,-0.45,,31.0,35.0,26.0,43.0,51936,61424,85,83,86,-0.44,12707,22855,56,51.0,60.0,-0.34,1091,40532,2.7,-0.8,15,10,20,-1.37,,,22.0,31.0,13.0,104081,25243,4.1,-1.37,3362,20014,17,14,20,-1.39,76,8.6,0.83,261.0,299.0,-0.49,409,93,84,102,0.1,,,,,,,53.0,34.0,80.0,,,,100.0,90.0,110.0,11.0,1.64,No,-0.34,11,9,13,10,8,12,1,0,1,1,0,1,-0.63,87,86,88,0.39,,,,,,,77.0,58.0,97.0,,,,84.0,82.0,87.0,37911,55,51,59,1.84,
59,59,59,59,60,1117,Alabama,Shelby,,2243,5942,5562,6323,-2.44,,,,,,,,,7106.0,5991.0,8222.0,,4589.0,3360.0,6122.0,,5926.0,5490.0,6362.0,,15,13,17,-2.52,3.6,3.3,4.0,-2.75,4.4,4.0,4.8,-2.78,,7,7,8,-1.54,,,,9.0,6.0,12.0,13.0,11.0,14.0,7.0,6.0,8.0,6.0,6.0,7.0,15,12,18,-3.39,38,34.0,42.0,-0.11,8.3,-1.68,24,20.0,28.0,-1.75,84,-1.85,18,17,19,2.05,28,122,23,18,28,-0.55,440,206.0,-1.28,13,12,14,-2.61,,,,,,,12.0,10.0,15.0,38.0,32.0,45.0,11.0,10.0,12.0,14762,8,7,9,-2.54,177.0,82.0,1219.0,-1.61,118.0,54.0,1845.0,-1.25,182.0,84.0,1196.0,-0.25,4238,-1.04,,,6150.0,,4031.0,40,-0.33,,13.0,45.0,44.0,40.0,46,-0.96,,45.0,37.0,40.0,47.0,134769,145427,93,92,93,-2.43,43136,56016,77,74.0,80.0,-2.53,2525,115939,2.2,-1.35,8,5,11,-2.23,,2.0,12.0,33.0,5.0,139637,35194,4.0,-1.55,8104,50548,16,14,18,-1.45,235,10.9,0.1,419.0,264.0,-0.68,641,60,55,65,-1.96,,,,,,,38.0,28.0,49.0,36.0,22.0,54.0,67.0,61.0,72.0,11.4,2.03,No,-0.34,10,9,11,9,8,9,1,1,1,1,0,1,-1.08,86,85,87,0.12,,,,67.0,58.0,76.0,82.0,80.0,83.0,73.0,66.0,79.0,85.0,83.0,86.0,105614,48,46,50,1.02,
60,60,60,60,61,1119,Alabama,Sumter,,253,13369,10805,15934,1.18,,,,,,,,,,,,,,,,,,,,,29,26,32,1.08,5.3,4.8,5.7,0.61,5.4,5.0,5.8,0.02,,13,11,15,1.05,,,,,,,15.0,12.0,17.0,,,,6.0,3.0,9.0,23,20,26,0.08,43,35.0,51.0,1.03,5.4,1.3,33,26.0,41.0,0.25,36,0.43,11,11,12,-1.66,10,30,33,24,43,0.39,141,1111.4,1.87,23,18,28,-1.31,,,,,,,,,,,,,,,,1269,13,11,16,0.47,7.0,55.0,1813.0,-0.43,2.0,16.0,6214.0,0.95,2.0,16.0,6214.0,0.73,6414,0.36,,,7527.0,,3580.0,52,-2.85,,,52.0,,54.0,31,1.58,,,29.0,,35.0,7012,8088,87,83,90,-0.96,1715,2664,64,52.0,77.0,-1.24,219,4854,4.5,1.13,45,30,61,2.22,,,51.0,,17.0,65415,8878,7.4,2.49,1393,2470,56,43,70,1.64,12,9.5,0.55,57.0,435.0,0.23,73,114,89,144,1.47,,,,,,,124.0,94.0,160.0,,,,100.0,57.0,162.0,9.0,-0.32,No,-0.34,21,16,26,20,15,25,1,0,2,2,0,3,2.64,84,81,88,-0.48,,,,,,,86.0,82.0,90.0,,,,81.0,70.0,91.0,4067,40,31,50,0.22,
61,61,61,61,62,1121,Alabama,Talladega,,1665,12029,11129,12930,0.53,,,,,,,,,12461.0,10906.0,14016.0,,,,,,12181.0,11019.0,13342.0,,27,24,30,0.57,5.5,5.1,5.9,1.09,5.6,5.2,6.0,0.7,,11,10,12,0.24,,,,,,,15.0,14.0,17.0,9.0,4.0,13.0,9.0,8.0,10.0,24,21,26,0.46,39,34.0,44.0,0.16,6.8,-0.14,37,32.0,41.0,1.06,48,-0.13,13,13,14,-0.46,33,119,28,23,33,-0.12,424,529.6,-0.16,30,27,32,-0.47,,,,,,,27.0,23.0,31.0,,,,32.0,29.0,36.0,7524,12,10,14,-0.31,26.0,33.0,3070.0,0.57,25.0,31.0,3199.0,0.07,16.0,20.0,4999.0,0.67,5776,-0.05,,,6920.0,,5568.0,34,0.93,,33.0,36.0,,33.0,36,0.73,,18.0,24.0,27.0,39.0,44979,55993,80,79,82,0.6,10286,19732,52,48.0,56.0,0.01,1213,35769,3.4,-0.06,25,17,33,-0.17,,,43.0,49.0,15.0,88559,17027,5.2,-0.09,6906,17029,41,36,45,0.43,105,13.2,-0.62,378.0,469.0,0.41,418,104,94,114,0.84,,,,,,,82.0,67.0,98.0,,,,119.0,105.0,132.0,8.6,-0.71,No,-0.34,12,11,14,10,8,11,1,1,2,1,1,2,-0.4,83,81,85,-0.81,,,,,,,81.0,68.0,93.0,,,,85.0,83.0,88.0,30439,34,30,37,-0.51,
62,62,62,62,63,1123,Alabama,Tallapoosa,,819,10208,9030,11386,-0.36,,,,,,,,,13214.0,10752.0,15675.0,,,,,,9162.0,7834.0,10490.0,,25,22,27,-0.02,4.7,4.3,5.1,-0.57,5.3,4.9,5.7,-0.15,,14,13,15,1.61,,,,,,,23.0,20.0,25.0,,,,10.0,9.0,11.0,24,21,27,0.43,35,29.0,40.0,-0.79,7.0,-0.34,27,22.0,32.0,-1.1,69,-1.13,14,13,14,-0.35,9,42,21,14,30,-0.69,178,437.6,-0.48,38,34,42,0.57,,,,,,,44.0,37.0,52.0,,,,36.0,30.0,41.0,3714,12,10,13,-0.41,20.0,49.0,2025.0,-0.17,12.0,30.0,3364.0,0.16,12.0,30.0,3364.0,0.53,4173,-1.08,,,5378.0,,3825.0,38,0.09,,,39.0,,38.0,47,-1.12,,,36.0,33.0,50.0,23121,28667,81,79,83,0.52,4180,8521,49,43.0,55.0,0.33,556,18652,3.0,-0.49,26,17,35,-0.07,,,67.0,14.0,12.0,90134,16645,5.4,0.17,3102,8460,37,31,42,0.13,57,14.1,-0.91,258.0,639.0,1.31,183,90,77,103,-0.06,,,,,,,73.0,52.0,99.0,,,,97.0,81.0,113.0,10.0,0.66,No,-0.34,17,14,20,13,11,15,4,2,5,1,1,2,1.26,86,82,90,0.06,,,,,,,84.0,77.0,92.0,,,,84.0,82.0,86.0,14931,39,35,44,0.09,
63,63,63,63,64,1125,Alabama,Tuscaloosa,,2756,8535,8072,8999,-1.18,,,,,,,,,10848.0,9929.0,11767.0,,4349.0,2841.0,6373.0,,7472.0,6930.0,8013.0,,21,19,24,-0.81,4.4,4.0,4.8,-1.22,5.0,4.6,5.3,-1.2,,11,10,11,0.1,,,,9.0,6.0,12.0,16.0,15.0,17.0,7.0,6.0,9.0,7.0,7.0,8.0,20,17,23,-1.26,36,33.0,39.0,-0.45,7.3,-0.65,28,25.0,30.0,-0.95,76,-1.46,15,14,15,0.23,64,186,34,31,38,0.49,1851,890.7,1.1,21,20,22,-1.61,,,,,,,32.0,30.0,34.0,80.0,68.0,93.0,12.0,11.0,13.0,17388,10,9,11,-1.39,150.0,72.0,1393.0,-1.16,104.0,50.0,2013.0,-0.99,306.0,146.0,684.0,-1.15,5624,-0.15,,,8157.0,9080.0,4936.0,44,-1.17,,41.0,40.0,27.0,46.0,46,-0.96,,50.0,34.0,40.0,50.0,114020,129056,88,87,89,-1.37,35588,55183,64,61.0,68.0,-1.25,2842,104964,2.7,-0.78,20,14,26,-0.81,23.0,14.0,39.0,20.0,9.0,107117,20754,5.2,-0.13,15118,43454,35,32,38,-0.01,223,10.7,0.17,819.0,402.0,0.05,660,64,59,69,-1.73,,,,,,,55.0,47.0,63.0,44.0,26.0,71.0,71.0,64.0,77.0,7.4,-1.89,No,-0.34,16,15,17,15,14,16,2,1,2,1,0,1,1.06,86,85,87,-0.08,,,,65.0,49.0,80.0,84.0,82.0,86.0,75.0,67.0,83.0,88.0,86.0,89.0,92277,26,24,28,-1.36,
64,64,64,64,65,1127,Alabama,Walker,,1656,14797,13687,15907,1.88,,,,,,,,,14458.0,10798.0,18959.0,,,,,,15196.0,13986.0,16406.0,,24,21,27,-0.14,5.1,4.6,5.6,0.2,6.0,5.5,6.5,1.9,,11,10,12,0.13,,,,,,,21.0,17.0,25.0,5.0,3.0,7.0,11.0,10.0,12.0,25,21,28,0.77,39,34.0,44.0,0.25,6.8,-0.14,32,27.0,36.0,0.01,44,0.06,14,13,15,0.03,26,104,25,20,30,-0.37,168,262.3,-1.09,44,40,48,1.35,,,,,,,29.0,20.0,40.0,112.0,81.0,151.0,44.0,40.0,48.0,6578,13,11,15,0.24,26.0,41.0,2450.0,0.2,29.0,46.0,2190.0,-0.76,31.0,49.0,2049.0,0.25,6219,0.24,,,8783.0,17391.0,6119.0,46,-1.59,,,41.0,,47.0,42,-0.28,,,30.0,25.0,43.0,36641,44782,82,80,83,0.23,7815,15009,52,47.0,57.0,0.02,830,25347,3.3,-0.18,24,16,31,-0.33,,,59.0,34.0,21.0,90416,18037,5.0,-0.31,4105,14211,29,24,34,-0.47,91,14.3,-0.98,292.0,450.0,0.31,348,108,97,120,1.09,,,,,,,57.0,29.0,99.0,,,,115.0,102.0,127.0,10.4,1.05,No,-0.34,12,10,14,10,9,12,2,1,3,1,0,1,-0.39,85,82,87,-0.46,,,,,,,71.0,58.0,85.0,,,,85.0,83.0,87.0,23982,40,37,43,0.18,
65,65,65,65,66,1129,Alabama,Washington,,292,10145,8312,11977,-0.39,,,,,,,,,9110.0,6004.0,13255.0,,,,,,9182.0,7120.0,11245.0,,26,24,29,0.4,5.3,4.9,5.7,0.56,5.6,5.2,5.9,0.53,,12,10,14,0.58,16.0,8.0,25.0,,,,16.0,12.0,20.0,,,,10.0,8.0,12.0,24,22,27,0.59,32,24.0,40.0,-1.34,6.7,-0.04,34,26.0,41.0,0.36,18,1.3,14,13,14,-0.34,6,20,30,18,42,0.09,98,592.8,0.06,30,25,36,-0.39,34.0,19.0,58.0,,,,40.0,29.0,54.0,,,,26.0,20.0,34.0,1813,14,12,16,0.72,2.0,12.0,8189.0,1.46,2.0,12.0,8163.0,1.17,5.0,31.0,3265.0,0.52,4036,-1.17,,,4479.0,,4036.0,35,0.72,,,41.0,,33.0,28,2.09,,,23.0,,30.0,9375,11346,83,79,86,0.04,1750,3351,52,44.0,61.0,0.0,313,6800,4.6,1.23,28,20,37,0.2,14.0,,30.0,79.0,38.0,89840,15875,5.7,0.46,1432,3788,38,25,51,0.22,24,14.7,-1.1,41.0,243.0,-0.79,102,123,99,147,2.04,,,,,,,101.0,61.0,155.0,,,,133.0,104.0,167.0,9.0,-0.32,No,-0.34,9,7,12,6,3,8,3,1,4,1,0,2,-1.27,87,80,93,0.23,,,,,,,90.0,79.0,100.0,,,,89.0,85.0,94.0,5484,53,43,62,1.55,
66,66,66,66,67,1131,Alabama,Wilcox,,267,16503,13587,19420,2.71,,,,,,,,,,,,,,,,,,,,,32,29,35,1.93,5.7,5.2,6.1,1.37,5.8,5.4,6.2,1.19,,14,12,16,1.61,,,,,,,16.0,13.0,18.0,,,,7.0,4.0,11.0,26,23,28,1.23,50,41.0,59.0,2.45,3.2,3.0,35,26.0,43.0,0.6,6,1.9,11,10,11,-2.05,10,22,45,35,55,1.49,91,849.0,0.96,41,34,49,1.01,,,,,,,44.0,36.0,54.0,,,,32.0,19.0,51.0,943,11,10,13,-0.74,3.0,28.0,3542.0,0.76,1.0,10.0,10373.0,1.32,1.0,10.0,10373.0,0.82,5373,-0.31,,,6597.0,,3290.0,34,0.93,,,34.0,,33.0,23,2.93,,,18.0,,31.0,5439,7114,76,73,80,1.55,1005,2423,41,33.0,50.0,1.1,195,2739,7.1,3.0,49,32,66,2.65,,,60.0,,2.0,62333,11513,5.4,0.17,1535,2577,60,41,78,1.88,7,6.6,1.46,72.0,645.0,1.34,59,110,84,142,1.19,,,,,,,118.0,86.0,158.0,,,,95.0,52.0,159.0,8.9,-0.42,No,-0.34,9,7,12,10,7,13,0,0,1,0,0,0,-1.33,89,85,94,1.15,,,,,,,85.0,78.0,92.0,,,,87.0,84.0,91.0,2948,44,33,55,0.63,
67,67,67,67,68,1133,Alabama,Winston,,503,11064,9434,12695,0.06,,,,,,,,,,,,,,,,,,,,,24,21,28,-0.08,5.1,4.6,5.6,0.17,5.6,5.1,6.1,0.53,,10,9,12,-0.27,,,,,,,,,,,,,,,,25,21,29,0.88,36,28.0,44.0,-0.56,7.2,-0.55,36,27.0,43.0,0.82,76,-1.49,16,15,17,0.78,6,35,17,9,27,-1.08,49,206.6,-1.28,40,35,46,0.87,,,,,,,,,,,,,,,,2712,15,13,17,1.25,10.0,42.0,2366.0,0.14,4.0,17.0,5907.0,0.9,3.0,13.0,7876.0,0.77,11361,3.56,,,,,,38,0.09,,,,,,41,-0.11,,,,,,13521,17156,79,76,82,0.97,2601,5214,50,43.0,57.0,0.24,336,10041,3.3,-0.11,23,14,31,-0.48,,,,18.0,26.0,79242,16612,4.8,-0.6,1362,4926,28,20,35,-0.56,25,10.6,0.2,24.0,107.0,-1.51,107,90,73,107,-0.06,,,,,,,,,,,,,,,,9.7,0.37,Yes,2.91,10,8,12,8,6,11,1,0,2,0,0,1,-1.11,80,77,83,-2.05,,,,,,,,,,,,,,,,8860,47,40,54,0.93,
