,,,Premature death,,,,,,,,,,,,,,,,,,,,,,,,,,Poor or fair health,,,,Poor physical health days,,,,Poor mental health days,,,,Low birthweight,,,,,,,,,,,,,,,,,,,,Adult smoking,,,,Adult obesity,,,,Food environment index,,Physical inactivity,,,,Access to exercise opportunities,,Excessive drinking,,,,Alcohol-impaired driving deaths,,,,,,Sexually transmitted infections,,,Teen births,,,,,,,,,,,,,,,,,,,Uninsured,,,,,Primary care physicians,,,,Dentists,,,,Mental health providers,,,,Preventable hospital stays,,,,,,,Mammography screening,,,,,,,Flu vaccinations,,,,,,,High school completion,,,,,,Some college,,,,,,Unemployment,,,,Children in poverty,,,,,,,,,Income inequality,,,,Children in single-parent households,,,,,,Social associations,,,Violent crime,,,Injury deaths,,,,,,,,,,,,,,,,,,,,Air pollution - particulate matter,,Drinking water violations,,Severe housing problems,,,,,,,,,,,,,Driving alone to work,,,,,,,,,,,,,,,,,,,Long commute - driving alone,,,,,
FIPS,State,County,Unreliable,Deaths,Years of Potential Life Lost Rate,95% CI - Low,95% CI - High,Z-Score,YPLL Rate (AIAN),YPLL Rate (AIAN) 95% CI - Low,YPLL Rate (AIAN) 95% CI - High,YPLL Rate (AIAN) Unreliable,YPLL Rate (Asian),YPLL Rate (Asian) 95% CI - Low,YPLL Rate (Asian) 95% CI - High,YPLL Rate (Asian) Unreliable,YPLL Rate (Black),YPLL Rate (Black) 95% CI - Low,YPLL Rate (Black) 95% CI - High,YPLL Rate (Black) Unreliable,YPLL Rate (Hispanic),YPLL Rate (Hispanic) 95% CI - Low,YPLL Rate (Hispanic) 95% CI - High,YPLL Rate (Hispanic) Unreliable,YPLL Rate (White),YPLL Rate (White) 95% CI - Low,YPLL Rate (White) 95% CI - High,YPLL Rate (White) Unreliable,% Fair or Poor Health,95% CI - Low,95% CI - High,Z-Score,Average Number of Physically Unhealthy Days,95% CI - Low,95% CI - High,Z-Score,Average Number of Mentally Unhealthy Days,95% CI - Low,95% CI - High,Z-Score,Unreliable,% Low birthweight,95% CI - Low,95% CI - High,Z-Score,% LBW (AIAN),% LBW (AIAN) 95% CI - Low,% LBW (AIAN) 95% CI - High,% LBW (Asian),% LBW (Asian) 95% CI - Low,% LBW (Asian) 95% CI - High,% LBW (Black),% LBW (Black) 95% CI - Low,% LBW (Black) 95% CI - High,% LBW (Hispanic),% LBW (Hispanic) 95% CI - Low,% LBW (Hispanic) 95% CI - High,% LBW (White),% LBW (White) 95% CI - Low,% LBW (White) 95% CI - High,% Smokers,95% CI - Low,95% CI - High,Z-Score,% Adults with Obesity,95% CI - Low,95% CI - High,Z-Score,Food Environment Index,Z-Score,% Physically Inactive,95% CI - Low,95% CI - High,Z-Score,% With Access to Exercise Opportunities,Z-Score,% Excessive Drinking,95% CI - Low,95% CI - High,Z-Score,# Alcohol-Impaired Driving Deaths,# Driving Deaths,% Driving Deaths with Alcohol Involvement,95% CI - Low,95% CI - High,Z-Score,# Chlamydia Cases,Chlamydia Rate,Z-Score,Teen Birth Rate,95% CI - Low,95% CI - High,Z-Score,Teen Birth Rate (AIAN),Teen Birth Rate (AIAN) 95% CI - Low,Teen Birth Rate (AIAN) 95% CI - High,Teen Birth Rate (Asian),Teen Birth Rate (Asian) 95% CI - Low,Teen Birth Rate (Asian) 95% CI - High,Teen Birth Rate (Black),Teen Birth Rate (Black) 95% CI - Low,Teen Birth Rate (Black) 95% CI - High,Teen Birth Rate (Hispanic),Teen Birth Rate (Hispanic) 95% CI - Low,Teen Birth Rate (Hispanic) 95% CI - High,Teen Birth Rate (White),Teen Birth Rate (White) 95% CI - Low,Teen Birth Rate (White) 95% CI - High,# Uninsured,% Uninsured,95% CI - Low,95% CI - High,Z-Score,# Primary Care Physicians,Primary Care Physicians Rate,Primary Care Physicians Ratio,Z-Score,# Dentists,Dentist Rate,Dentist Ratio,Z-Score,# Mental Health Providers,Mental Health Provider Rate,Mental Health Provider Ratio,Z-Score,Preventable Hospitalization Rate,Z-Score,Preventable Hosp. Rate (AIAN),Preventable Hosp. Rate (Asian),Preventable Hosp. Rate (Black),Preventable Hosp. Rate (Hispanic),Preventable Hosp. Rate (White),% With Annual Mammogram,Z-Score,% Screened (AIAN),% Screened (Asian),% Screened (Black),% Screened (Hispanic),% Screened (White),% Vaccinated,Z-Score,% Vaccinated (AIAN),% Vaccinated (Asian),% Vaccinated (Black),% Vaccinated (Hispanic),% Vaccinated (White),# Completed High School,Population,% Completed High School,95% CI - Low,95% CI - High,Z-Score,# Some College,Population,% Some College,95% CI - Low,95% CI - High,Z-Score,# Unemployed,Labor Force,% Unemployed,Z-Score,% Children in Poverty,95% CI - Low,95% CI - High,Z-Score,% Children in Poverty (AIAN),% Children in Poverty (Asian),% Children in Poverty (Black),% Children in Poverty (Hispanic),% Children in Poverty (White),80th Percentile Income,20th Percentile Income,Income Ratio,Z-Score,# Children in Single-Parent Households,# Children in Households,% Children in Single-Parent Households,95% CI - Low,95% CI - High,Z-Score,# Associations,Social Association Rate,Z-Score,Annual Average Violent Crimes,Violent Crime Rate,Z-Score,# Injury Deaths,Injury Death Rate,95% CI - Low,95% CI - High,Z-Score,Injury Death Rate (AIAN),Injury Death Rate (AIAN) 95% CI - Low,Injury Death Rate (AIAN) 95% CI - High,Injury Death Rate (Asian),Injury Death Rate (Asian) 95% CI - Low,Injury Death Rate (Asian) 95% CI - High,Injury Death Rate (Black),Injury Death Rate (Black) 95% CI - Low,Injury Death Rate (Black) 95% CI - High,Injury Death Rate (Hispanic),Injury Death Rate (Hispanic) 95% CI - Low,Injury Death Rate (Hispanic) 95% CI - High,Injury Death Rate (White),Injury Death Rate (White) 95% CI - Low,Injury Death Rate (White) 95% CI - High,Average Daily PM2.5,Z-Score,Presence of Water Violation,Z-Score,% Severe Housing Problems,95% CI - Low,95% CI - High,Severe Housing Cost Burden,Severe Housing Cost Burden 95% CI - Low,Severe Housing Cost Burden 95% CI - High,Overcrowding,Overcrowding 95% CI - Low,Overcrowding 95% CI - High,Inadequate Facilities,Inadequate Facilities 95% CI - Low,Inadequate Facilities 95% CI - High,Z-Score,% Drive Alone to Work,95% CI - Low,95% CI - High,Z-Score,% Drive Alone (AIAN),% Drive Alone (AIAN) 95% CI - Low,% Drive Alone (AIAN) 95% CI - High,% Drive Alone (Asian),% Drive Alone (Asian) 95% CI - Low,% Drive Alone (Asian) 95% CI - High,% Drive Alone (Black),% Drive Alone (Black) 95% CI - Low,% Drive Alone (Black) 95% CI - High,% Drive Alone (Hispanic),% Drive Alone (Hispanic) 95% CI - Low,% Drive Alone (Hispanic) 95% CI - High,% Drive Alone (White),% Drive Alone (White) 95% CI - Low,% Drive Alone (White) 95% CI - High,# Workers who Drive Alone,% Long Commute - Drives Alone,95% CI - Low,95% CI - High,Z-Score,
17000,Illinois,,,144231,6647,6596,6698,,3329,2501,4158,,2585,2447,2723,,12684,12497,12871,,4440,4343,4537,,6114,6050,6177,,16,15,17,,3.6,3.3,3.8,,3.8,3.5,4.1,,,8,8,8,,8,6,10,9,9,9,14,14,14,7,7,7,7,7,7,16,15,17,,30,,,,8.7,,22,,,,91,,22,20,23,,1619,5206,31,30,32,,77325,604.0,,19,19,20,,9,7,12,2,2,3,38,38,39,27,27,28,11,11,12,853809,8,8,8,,10265,81,1241:1,,10201,81,1242:1,,31083,245,408:1,,4913,,5924,2727,8127,4718,4554,43,,36,36,40,34,44,49,,44,53,35,42,51,7749257,8686299,89,89,89,,2376191,3414821,70,69,70,,255857,6446615,4.0,,16,15,16,,18,9,37,22,9,132257,26409,5.0,,730587,2884860,25,25,26,,12724,10.0,,51759,403,,41610,65,65,66,,34,24,45,18,17,20,102,100,104,35,34,36,68,67,69,8.7,,,,17,17,17,14,14,15,3,3,3,1,1,1,,73,73,73,,68,64,72,63,62,64,65,64,65,69,69,70,76,76,76,6151965,42,41,42,,
17001,Illinois,Adams,,905,7287,6536,8038,-0.18,,,,,,,,,13167,9006,18588,,,,,,7178,6398,7958,,17,14,19,-0.34,4.1,3.7,4.6,-0.08,4.5,4.0,4.9,-0.18,,8,7,8,-0.09,,,,,,,13,10,17,,,,7,7,8,21,17,24,-0.26,38,29,47,1.61,8.5,-0.58,29,20,39,0.98,82,-0.83,22,20,23,0.04,8,31,26,16,36,-0.32,239,360.8,0.08,25,22,28,0.09,,,,,,,44,32,59,,,,24,21,26,2864,6,5,6,-0.82,62,94,1060:1,-1.70,50,76,1309:1,-1.10,180,275,364:1,-0.64,5655,0.64,,,11066,,5540,52,-1.96,,,71,58,52,42,0.18,,41,32,56,42,42674,46125,93,92,93,-0.87,10451,15717,66,62,71,-0.51,1109,32358,3.4,-1.26,18,14,23,0.20,,10,53,13,15,101188,25082,4.0,-0.57,3333,14864,22,19,26,-0.01,97,14.8,-0.01,229,346,0.54,275,83,73,93,0.24,,,,,,,102,59,166,,,,84,74,95,8.6,-0.22,Yes,1.44,12,10,13,10,8,11,1,0,1,1,1,2,0.15,83,81,85,0.12,,,,,,,66,49,82,,,,84,82,86,32210,16,15,18,-1.54,
17003,Illinois,Alexander,,146,11041,7790,14293,2.06,,,,,,,,,,,,,,,,,,,,,26,24,29,3.00,5.3,4.9,5.7,3.00,5.2,4.9,5.6,2.55,,9,7,12,1.11,,,,,,,11,7,15,,,,8,5,11,27,24,30,2.42,18,10,31,-2.61,5.9,2.94,19,11,28,-1.48,58,0.45,17,17,18,-3.00,2,10,20,5,39,-0.79,30,475.1,0.63,52,40,66,2.93,,,,,,,58,39,83,,,,47,32,66,317,7,6,8,0.32,1,17,6060:1,1.12,3,52,1920:1,-0.20,27,469,213:1,-1.97,4429,-0.37,,,2955,,4839,40,0.88,,,50,,37,37,0.84,,,22,,42,3892,4497,87,83,90,1.01,558,1340,42,31,52,2.63,127,2050,6.2,2.22,39,23,54,3.00,,,65,,30,66152,15790,4.2,-0.32,611,1457,42,31,53,2.82,8,13.2,0.31,92,1316,3.00,37,118,83,162,2.24,,,,,,,103,51,184,,,,131,86,192,9.2,1.02,No,-0.69,17,13,22,15,10,20,2,0,4,1,0,2,1.95,83,77,89,0.01,,,,,,,,,,,,,,,,2057,50,40,60,1.49,
17005,Illinois,Bond,,223,7829,6187,9472,0.15,,,,,,,,,,,,,,,,,,,,,18,15,20,0.11,4.2,3.8,4.7,0.15,4.5,4.1,4.9,-0.14,,8,6,10,0.12,,,,,,,,,,,,,,,,21,18,24,0.03,28,16,41,-0.59,8.5,-0.58,22,13,35,-0.56,63,0.21,21,20,23,-0.11,5,16,31,18,45,0.11,47,277.3,-0.33,18,14,24,-0.60,,,,,,,,,,,,,,,,750,6,5,7,-0.21,10,60,1663:1,-0.46,3,18,5475:1,1.05,25,152,657:1,0.20,3220,-1.37,,,9142,,3067,44,-0.06,,,67,,43,46,-0.35,,,26,,46,10475,11741,89,88,90,0.17,2694,4157,65,57,73,-0.30,300,7833,3.8,-0.75,17,11,23,-0.04,,,,7,18,104566,22663,4.6,0.35,508,3161,16,8,25,-0.94,21,12.6,0.42,7,39,-0.98,77,92,73,115,0.75,,,,,,,,,,,,,,,,8.7,-0.01,Yes,1.44,13,9,16,8,5,10,4,1,6,1,0,2,0.41,79,74,83,-1.05,,,,,,,,,,,,,,,,7334,38,32,45,0.45,
17007,Illinois,Boone,,574,6161,5370,6952,-0.85,,,,,,,,,,,,,3641,2536,5063,,6924,5849,7999,,18,16,20,0.20,4.1,3.7,4.5,-0.26,4.2,3.8,4.5,-1.18,,7,6,8,-0.77,,,,,,,10,4,15,7,6,8,7,6,8,19,16,21,-0.99,34,25,43,0.68,8.7,-0.86,26,19,35,0.35,89,-1.21,21,20,22,-0.74,7,24,29,18,40,-0.06,205,383.1,0.18,16,14,19,-0.82,,,,,,,29,16,48,25,20,29,12,10,15,3376,8,6,9,1.00,29,54,1847:1,-0.25,18,34,2975:1,0.48,23,43,2328:1,0.95,4571,-0.25,,,8984,1977,4733,41,0.65,,36,27,33,42,49,-0.74,,45,32,39,50,30179,35008,86,84,88,1.12,7123,12375,58,52,64,0.62,1487,26377,5.6,1.52,12,8,16,-0.84,,,23,24,10,127732,30059,4.2,-0.23,2628,13514,19,15,24,-0.44,38,7.1,1.55,92,171,-0.33,143,53,45,62,-1.47,,,,,,,,,,32,20,51,61,50,72,9.1,0.81,No,-0.69,13,11,16,11,9,13,3,2,4,0,0,0,0.70,82,79,85,-0.25,,,,,,,82,72,92,75,68,83,78,74,82,25423,38,34,41,0.38,
17009,Illinois,Brown,,77,6076,4069,8727,-0.90,,,,,,,,,,,,,,,,,,,,,19,17,21,0.61,4.2,3.8,4.6,0.00,4.3,4.0,4.6,-0.73,,6,4,8,-1.64,,,,,,,,,,,,,,,,22,19,25,0.29,21,11,38,-1.87,8.0,0.09,21,11,34,-0.96,76,-0.49,22,21,23,0.32,0,2,0,0,51,-2.39,7,104.2,-1.17,27,17,40,0.26,,,,,,,,,,,,,,,,137,4,3,4,-2.53,1,15,6556:1,1.16,,,,0.00,21,319,313:1,-0.95,5838,0.79,,,,,,50,-1.48,,,,,,31,1.63,,,,,,4037,4863,83,78,88,2.12,987,2149,46,39,53,2.08,72,2993,2.4,-2.54,13,9,18,-0.63,,,,,,110389,23594,4.7,0.45,189,1142,17,7,26,-0.87,9,13.7,0.20,7,134,-0.51,15,45,25,74,-1.97,,,,,,,,,,,,,,,,8.1,-1.25,No,-0.69,7,4,10,6,2,9,2,0,4,0,0,1,-1.47,84,80,87,0.26,,,,,,,,,,,,,,,,2386,20,13,26,-1.25,
17011,Illinois,Bureau,,466,6281,5333,7229,-0.77,,,,,,,,,,,,,,,,,,,,,17,15,19,-0.18,4.0,3.6,4.4,-0.46,4.4,4.0,4.8,-0.30,,6,6,7,-1.05,,,,,,,,,,7,4,9,7,5,8,20,17,23,-0.36,32,23,42,0.36,7.9,0.23,34,24,45,2.25,78,-0.61,22,21,23,0.61,13,38,34,26,43,0.35,97,291.8,-0.26,17,14,20,-0.80,,,,,,,,,,23,15,34,15,12,19,1819,7,6,8,0.60,17,52,1941:1,-0.15,12,37,2719:1,0.36,21,64,1554:1,0.80,3503,-1.13,,,,1699,3545,45,-0.30,,,,37,45,43,0.05,,47,21,41,43,21417,23582,91,90,92,-0.33,4268,7200,59,55,64,0.40,807,17392,4.6,0.26,14,9,19,-0.53,,,32,27,21,104508,26206,4.0,-0.64,1762,7081,25,19,31,0.35,50,15.2,-0.09,42,132,-0.52,157,95,80,109,0.91,,,,,,,,,,,,,,,,8.8,0.20,Yes,1.44,10,8,11,9,7,10,1,0,2,0,0,1,-0.50,83,81,85,0.06,,,,,,,,,,71,64,77,82,80,84,15720,20,18,22,-1.18,
17013,Illinois,Calhoun,x,,,,,0.00,,,,,,,,,,,,,,,,,,,,,17,15,20,-0.08,4.2,3.8,4.7,0.17,4.7,4.2,5.1,0.54,x,6,,,-1.53,,,,,,,,,,,,,,,,22,19,26,0.51,30,18,43,-0.16,8.2,-0.18,21,12,34,-0.80,30,1.98,22,21,24,0.59,0,2,0,0,51,-2.39,11,227.6,-0.57,12,6,21,-1.32,,,,,,,,,,,,,,,,221,6,5,7,-0.38,1,21,4802:1,0.96,1,21,4739:1,0.94,,,,0.00,5283,0.34,,,,,,36,1.83,,,,,,43,0.05,,,,,,3196,3490,92,89,95,-0.57,633,949,67,54,79,-0.54,113,2338,4.8,0.51,13,8,18,-0.75,,,,39,17,113171,22569,5.0,0.98,128,1009,13,5,20,-1.43,0,0.0,2.99,,,0.00,13,54,29,92,-1.45,,,,,,,,,,,,,,,,8.8,0.20,No,-0.69,11,7,15,10,5,14,2,0,4,1,0,2,0.04,83,78,87,0.04,,,,,,,,,,,,,,,,1993,63,52,74,2.72,
17015,Illinois,Carroll,,216,6283,4764,7803,-0.77,,,,,,,,,,,,,,,,,,,,,16,14,18,-0.61,4.0,3.6,4.4,-0.55,4.5,4.1,4.9,-0.16,,5,4,6,-2.24,,,,,,,,,,,,,,,,21,18,24,-0.11,29,19,41,-0.23,8.3,-0.31,25,16,36,0.12,71,-0.26,23,21,24,0.88,6,16,38,24,50,0.61,33,227.3,-0.57,21,16,27,-0.37,,,,,,,,,,,,,,,,736,7,6,8,0.47,4,28,3578:1,0.70,4,28,3576:1,0.69,18,126,795:1,0.38,3285,-1.31,,,,,,34,2.30,,,,,,50,-0.87,,,,38,50,9721,10663,91,90,93,-0.44,1779,2946,60,53,67,0.26,303,7325,4.1,-0.37,17,11,23,-0.02,,,,37,11,96736,24617,3.9,-0.73,496,2805,18,12,23,-0.70,24,16.8,-0.42,6,47,-0.94,57,79,60,102,-0.01,,,,,,,,,,,,,,,,8.6,-0.22,Yes,1.44,10,8,12,9,7,11,1,0,2,1,0,1,-0.41,83,80,86,0.18,,,,,,,,,,,,,,,,6453,34,30,39,0.10,
17017,Illinois,Cass,,165,7973,6163,9783,0.23,,,,,,,,,,,,,,,,,,,,,21,18,23,1.47,4.5,4.1,4.9,0.90,4.7,4.3,5.1,0.71,,9,7,10,0.66,,,,,,,17,11,23,7,4,10,8,6,10,22,20,25,0.49,33,22,47,0.55,8.6,-0.72,24,14,36,-0.31,60,0.35,20,19,21,-1.00,5,18,28,15,41,-0.17,58,463.8,0.57,35,28,43,1.12,,,,,,,,,,43,29,60,33,25,43,909,9,8,11,2.44,,,,0.00,7,58,1735:1,-0.41,72,593,169:1,-2.83,5668,0.65,,,,,,39,1.12,,,,,,43,0.05,,,,23,43,7145,8503,84,81,87,1.80,1412,3026,47,40,53,1.99,253,6131,4.1,-0.38,16,10,21,-0.24,,,45,23,13,94537,23919,4.0,-0.70,737,3043,24,17,31,0.25,18,14.7,0.01,67,518,1.39,49,78,58,104,-0.03,,,,,,,,,,,,,,,,8.4,-0.63,No,-0.69,10,8,12,6,4,9,2,1,4,1,0,3,-0.46,82,79,85,-0.19,,,,,,,,,,85,78,91,84,82,87,5870,27,23,31,-0.60,
17019,Illinois,Champaign,,1809,6083,5671,6496,-0.89,,,,,1978,1292,2898,,12638,11074,14202,,3412,2334,4816,,5491,5019,5963,,16,14,18,-0.71,3.9,3.6,4.3,-0.61,4.3,4.0,4.6,-0.76,,9,8,9,0.60,,,,7,6,8,14,13,15,7,5,8,7,6,7,17,15,20,-1.54,30,25,36,0.03,8.2,-0.18,22,17,27,-0.68,84,-0.96,21,20,21,-0.75,20,77,26,20,32,-0.31,1637,781.8,2.11,12,11,13,-1.27,,,,,,,34,30,37,27,23,32,7,6,8,10443,6,5,7,-0.22,202,96,1040:1,-1.77,137,65,1531:1,-0.69,554,264,379:1,-0.57,5462,0.48,,2693,8489,1639,5099,44,-0.06,,38,39,33,45,50,-0.87,,51,36,42,52,115865,121964,95,94,96,-1.65,42247,53384,79,76,82,-2.11,4102,109116,3.8,-0.84,19,14,24,0.29,,10,32,19,10,114024,18221,6.3,2.93,10797,38922,28,25,30,0.76,250,11.9,0.57,1007,487,1.24,646,62,57,66,-0.99,,,,11,6,19,80,65,94,34,21,51,69,63,75,7.6,-2.28,Yes,1.44,21,19,22,17,16,19,5,4,5,1,1,1,3.00,71,70,72,-3.08,,,,47,42,51,71,65,77,66,59,72,76,75,78,101466,13,12,14,-1.84,
17021,Illinois,Christian,,500,7236,6180,8292,-0.21,,,,,,,,,,,,,,,,,,,,,18,16,21,0.20,4.4,3.9,4.8,0.54,4.6,4.2,5.1,0.45,,9,7,10,0.62,,,,,,,,,,,,,,,,22,19,25,0.42,36,26,48,1.21,8.5,-0.58,32,21,44,1.57,67,-0.03,22,21,23,0.51,10,27,37,27,47,0.57,78,235.6,-0.53,28,24,32,0.42,,,,,,,,,,,,,,,,1496,6,5,7,-0.38,13,40,2512:1,0.27,8,25,4038:1,0.81,20,62,1615:1,0.82,6155,1.05,,,,,,46,-0.54,,,,,,43,0.05,,,,,,21236,23675,90,88,91,0.02,4490,7974,56,51,61,0.78,705,14615,4.8,0.50,17,11,23,0.01,,,93,,13,96071,21902,4.4,-0.01,1383,6706,21,16,25,-0.27,50,15.3,-0.12,50,185,-0.26,134,81,67,95,0.13,,,,,,,,,,,,,,,,8.7,-0.01,Yes,1.44,9,7,10,7,6,9,1,1,2,1,0,1,-0.86,82,80,84,-0.13,,,,,,,,,,,,,,,,14508,41,37,45,0.70,
17023,Illinois,Clark,,234,7157,5684,8630,-0.25,,,,,,,,,,,,,,,,,,,,,17,15,20,-0.11,4.3,3.8,4.7,0.25,4.6,4.2,5.0,0.26,,8,6,9,0.11,,,,,,,,,,,,,,,,22,19,25,0.42,31,20,42,0.11,8.3,-0.31,35,23,48,2.30,61,0.29,22,20,23,0.11,4,16,25,12,39,-0.39,37,234.7,-0.53,26,21,32,0.22,,,,,,,,,,,,,,,,719,6,5,7,-0.61,6,38,2599:1,0.32,3,19,5147:1,1.01,4,26,3860:1,1.07,6828,1.61,,,,,,36,1.83,,,,,,39,0.58,,,,,,10155,10941,93,91,95,-0.96,2332,3527,66,58,75,-0.46,348,7693,4.5,0.12,16,10,21,-0.28,,,15,,17,105801,25729,4.1,-0.44,768,3623,21,15,27,-0.19,26,16.7,-0.40,24,189,-0.24,67,85,66,108,0.36,,,,,,,,,,,,,,,,8.7,-0.01,Yes,1.44,8,6,11,7,4,9,2,1,3,0,0,0,-0.96,81,78,84,-0.36,,,,,,,,,,,,,,,,7399,30,26,35,-0.28,
17025,Illinois,Clay,,186,6441,4894,7989,-0.68,,,,,,,,,,,,,,,,,,,,,18,16,21,0.21,4.3,3.9,4.7,0.39,4.7,4.3,5.1,0.69,,7,6,9,-0.61,,,,,,,,,,,,,,,,23,19,26,0.59,28,18,42,-0.40,8.0,0.09,35,24,48,2.41,52,0.79,21,20,22,-0.24,3,10,30,13,48,0.01,30,226.1,-0.58,38,30,45,1.43,,,,,,,,,,,,,,,,683,7,5,8,0.09,2,15,6627:1,1.17,7,53,1883:1,-0.24,17,129,776:1,0.36,2590,-1.89,,,,,,46,-0.54,,,,,,38,0.71,,,,,,8215,9338,88,85,91,0.56,1753,3007,58,49,68,0.52,296,6508,4.5,0.15,18,12,25,0.22,,,,,,90888,20469,4.4,0.07,399,3017,13,7,19,-1.35,28,21.1,-1.30,8,60,-0.88,45,68,49,91,-0.65,,,,,,,,,,,,,,,,8.7,-0.01,No,-0.69,11,8,14,8,5,11,3,1,6,1,0,1,-0.18,85,79,91,0.59,,,,,,,,,,,,,,,,5944,28,22,33,-0.50,
17027,Illinois,Clinton,,406,6003,5087,6920,-0.94,,,,,,,,,,,,,,,,,,,,,16,13,18,-0.92,3.8,3.4,4.3,-0.94,4.3,3.9,4.7,-0.86,,7,6,8,-0.86,,,,,,,,,,9,4,13,6,5,7,20,17,23,-0.50,31,21,41,0.15,8.7,-0.86,21,13,30,-0.87,64,0.15,22,21,24,0.79,3,27,11,3,22,-1.50,119,316.4,-0.14,15,12,18,-0.99,,,,,,,,,,38,19,68,14,11,17,1634,6,5,6,-0.83,15,40,2509:1,0.27,12,32,3130:1,0.54,19,51,1977:1,0.90,3428,-1.19,,,,,,48,-1.01,,,,,,41,0.31,,,8,35,42,24071,26720,90,89,91,-0.10,6673,9724,69,63,74,-0.78,640,20548,3.1,-1.65,9,5,12,-1.42,,,,46,6,117963,30439,3.9,-0.82,1428,7968,18,13,23,-0.67,45,12.0,0.56,51,146,-0.45,115,61,50,72,-1.03,,,,,,,,,,,,,,,,9.1,0.81,No,-0.69,9,7,11,8,6,10,1,1,1,1,0,1,-0.65,84,83,86,0.46,,,,,,,,,,,,,,,,18333,41,37,45,0.69,
17029,Illinois,Coles,,612,6613,5789,7436,-0.58,,,,,,,,,,,,,,,,,,,,,19,16,21,0.51,4.4,3.9,4.8,0.51,4.7,4.3,5.1,0.57,,8,7,8,-0.13,,,,,,,12,8,16,,,,7,6,8,22,19,25,0.33,33,23,43,0.51,7.6,0.64,25,17,33,-0.05,77,-0.55,20,19,22,-1.01,9,30,30,20,40,0.01,321,617.6,1.32,16,14,18,-0.89,,,,,,,13,8,20,19,10,34,16,14,18,2725,7,6,8,0.39,35,69,1454:1,-0.78,27,53,1875:1,-0.25,179,354,283:1,-1.18,7576,2.23,,,8986,,7578,44,-0.06,,,38,38,45,44,-0.08,,38,19,45,44,30115,32961,91,90,93,-0.51,8399,12272,68,63,74,-0.76,966,23855,4.0,-0.48,18,12,25,0.22,,47,49,9,25,90952,17388,5.2,1.32,2479,9231,27,20,34,0.63,72,14.1,0.12,147,278,0.20,146,57,47,66,-1.29,,,,,,,,,,,,,,,,8.7,-0.01,No,-0.69,14,12,17,13,11,15,1,1,2,1,0,1,1.01,77,75,79,-1.41,,,,,,,49,27,71,77,64,90,80,78,83,24502,18,16,21,-1.38,
17031,Illinois,Cook,,57640,6892,6811,6973,-0.41,4184,2757,6087,,2795,2596,2995,,13381,13141,13622,,4769,4639,4899,,5093,4987,5198,,18,17,20,0.37,3.8,3.5,4.1,-0.88,4.1,3.8,4.4,-1.31,,9,9,9,0.97,7,5,10,9,9,10,14,14,14,7,7,8,6,6,7,16,14,18,-2.12,28,27,29,-0.54,8.7,-0.86,21,20,22,-1.01,99,-1.77,22,21,22,0.07,382,1353,28,27,30,-0.13,43271,830.3,2.35,22,22,22,-0.24,9,5,14,2,2,3,38,37,39,28,27,28,5,4,5,442243,10,10,11,3.44,4911,95,1055:1,-1.72,4868,95,1058:1,-1.77,14940,290,345:1,-0.75,5144,0.22,1457,2601,8197,4971,4191,41,0.65,28,35,39,35,44,48,-0.61,43,54,35,43,53,3125696,3587576,87,87,87,0.83,1106513,1550811,71,71,72,-1.12,98233,2594759,3.8,-0.81,18,17,20,0.18,26,12,35,24,7,136188,24601,5.5,1.80,345260,1142916,30,30,31,1.12,3778,7.3,1.51,31925,620,1.89,16714,64,63,65,-0.84,25,13,44,19,17,21,115,112,117,39,37,40,57,55,58,10.0,2.67,Yes,1.44,22,21,22,19,18,19,4,3,4,1,1,1,3.33,61,61,61,-5.60,57,52,62,55,54,56,59,58,59,64,63,64,61,61,62,2517713,53,53,54,1.81,
17033,Illinois,Crawford,,237,6506,5190,7822,-0.64,,,,,,,,,,,,,,,,,,,,,17,15,20,-0.08,4.1,3.7,4.5,-0.07,4.5,4.0,4.9,-0.13,,8,7,10,0.43,,,,,,,,,,,,,,,,22,18,25,0.21,28,19,39,-0.44,8.3,-0.31,32,22,43,1.57,62,0.28,23,22,24,1.01,3,12,25,10,42,-0.39,29,152.9,-0.93,28,22,34,0.37,,,,,,,,,,,,,,,,848,6,5,7,-0.34,10,53,1881:1,-0.21,7,37,2667:1,0.34,38,204,491:1,-0.15,2995,-1.55,,,,,,44,-0.06,,,,,,41,0.31,,,,,,11710,13776,85,82,88,1.50,3095,4998,62,56,68,0.07,375,8715,4.3,-0.16,16,10,22,-0.22,,,,20,11,102898,21143,4.9,0.74,588,3713,16,11,21,-0.97,30,16.0,-0.25,42,289,0.25,70,74,57,93,-0.31,,,,,,,,,,,,,,,,8.9,0.40,No,-0.69,11,9,13,8,6,11,1,0,3,2,1,2,-0.11,85,75,94,0.50,,,,,,,,,,,,,,,,7565,15,12,18,-1.65,
17035,Illinois,Cumberland,,120,5623,4068,7179,-1.17,,,,,,,,,,,,,,,,,,,,,18,15,20,0.08,4.3,3.8,4.8,0.45,4.7,4.3,5.1,0.69,,8,6,10,0.21,,,,,,,,,,,,,,,,23,19,26,0.62,25,16,37,-1.03,,0.00,25,16,38,0.12,1,3.00,22,21,24,0.75,3,16,19,7,34,-0.89,24,220.0,-0.61,20,15,27,-0.39,,,,,,,,,,,,,,,,542,6,5,7,-0.17,,,,0.00,1,9,10766:1,1.38,4,37,2692:1,0.99,5689,0.67,,,,,,41,0.65,,,,,,40,0.44,,,,,,6899,7615,91,88,93,-0.26,1438,2536,57,49,65,0.73,210,6125,3.4,-1.26,14,9,20,-0.46,,,,,,99958,24736,4.0,-0.56,243,2481,10,6,14,-1.85,10,9.3,1.11,13,115,-0.60,26,48,31,70,-1.79,,,,,,,,,,,,,,,,8.7,-0.01,No,-0.69,9,7,12,7,5,9,2,1,3,1,0,2,-0.60,85,82,88,0.54,,,,,,,,,,,,,,,,5265,33,28,37,-0.06,
17037,Illinois,DeKalb,,950,5997,5451,6543,-0.94,,,,,,,,,11648,8775,15161,,5424,3909,7332,,5674,5086,6261,,16,14,19,-0.56,3.9,3.5,4.3,-0.84,4.4,4.0,4.7,-0.54,,7,7,8,-0.48,,,,6,3,10,11,9,13,8,6,9,6,6,7,19,16,22,-1.05,33,27,39,0.53,7.7,0.50,20,15,25,-1.22,84,-0.96,20,19,21,-0.91,17,46,37,29,44,0.57,617,589.1,1.18,9,8,11,-1.56,,,,,,,13,10,17,22,18,26,6,5,8,5604,7,6,7,0.07,30,29,3471:1,0.67,68,65,1543:1,-0.67,272,259,386:1,-0.54,4490,-0.32,,,6433,2267,4436,39,1.12,,39,37,24,39,54,-1.40,,45,38,40,54,56669,61396,92,91,93,-0.80,18706,25634,73,69,77,-1.33,2282,55397,4.1,-0.39,12,8,15,-0.89,,14,53,28,10,119917,24561,4.9,0.77,5596,22489,25,21,29,0.35,104,10.0,0.96,283,276,0.19,300,57,51,64,-1.24,,,,,,,40,23,64,46,30,67,62,54,69,9.3,1.23,No,-0.69,18,16,20,16,14,18,3,2,3,1,0,1,2.17,81,79,83,-0.47,,,,65,54,76,73,63,83,70,64,76,81,78,84,51708,38,36,40,0.43,
17039,Illinois,De Witt,,256,8814,6968,10659,0.73,,,,,,,,,,,,,,,,,,,,,17,14,19,-0.46,4.1,3.6,4.5,-0.30,4.5,4.1,5.0,0.02,,6,5,8,-1.08,,,,,,,,,,,,,,,,21,17,24,-0.23,28,18,42,-0.42,8.8,-0.99,26,16,38,0.26,77,-0.57,22,21,23,0.45,2,13,15,3,32,-1.16,50,313.6,-0.15,23,18,29,-0.09,,,,,,,,,,,,,,,,745,6,5,7,-0.49,5,32,3154:1,0.57,5,32,3128:1,0.54,6,38,2606:1,0.98,4261,-0.51,,,,,,40,0.88,,,,,,42,0.18,,,,,,10416,11381,92,90,93,-0.56,2353,3760,63,55,70,-0.02,325,7490,4.3,-0.11,17,11,22,-0.09,,,,28,17,105492,26279,4.0,-0.60,531,3443,15,10,21,-1.03,22,14.0,0.16,27,188,-0.24,69,86,67,109,0.43,,,,,,,,,,,,,,,,8.4,-0.63,No,-0.69,8,6,10,6,4,8,2,1,3,0,0,1,-0.99,86,82,89,0.82,,,,,,,,,,,,,,,,7847,36,32,40,0.23,
17041,Illinois,Douglas,,244,6841,5512,8170,-0.44,,,,,,,,,,,,,,,,,,,,,19,16,22,0.64,4.4,3.9,4.9,0.55,4.7,4.2,5.1,0.62,,6,5,8,-1.10,,,,,,,,,,11,6,16,6,5,7,22,19,26,0.45,26,16,39,-0.82,8.7,-0.86,22,14,33,-0.56,71,-0.23,21,20,23,-0.13,4,17,24,11,38,-0.51,44,222.8,-0.59,18,15,23,-0.61,,,,,,,,,,30,16,50,17,13,22,1624,10,9,12,3.00,5,26,3896:1,0.79,12,62,1622:1,-0.55,3,15,6488:1,1.14,5614,0.61,,,,,,47,-0.77,,,,,,41,0.31,,,,30,41,10913,13113,83,81,86,2.06,2698,4796,56,50,63,0.78,366,10263,3.6,-1.08,11,7,16,-0.97,,,,38,12,105240,24089,4.4,-0.04,783,4911,16,11,21,-0.95,30,15.4,-0.14,36,223,-0.07,74,75,59,95,-0.20,,,,,,,,,,,,,,,,8.5,-0.42,No,-0.69,12,10,15,10,8,12,2,1,3,1,0,2,0.29,75,71,78,-2.10,,,,,,,,,,72,61,83,72,68,75,9440,36,32,40,0.23,
17043,Illinois,DuPage,,7082,4320,4164,4475,-1.94,,,,,2234,1903,2565,,7237,6420,8055,,3203,2867,3539,,4715,4508,4922,,12,10,14,-2.57,3.1,2.7,3.4,-2.98,3.7,3.3,4.0,-3.02,,7,7,7,-0.61,,,,9,9,10,12,11,13,7,6,7,6,6,6,14,12,17,-2.89,26,24,29,-0.84,9.3,-1.67,16,14,19,-1.99,100,-1.79,21,21,22,-0.22,50,187,27,23,31,-0.25,2545,273.6,-0.35,8,8,8,-1.73,,,,2,2,3,18,16,20,24,22,25,3,3,3,48728,6,6,7,-0.17,1248,134,744:1,-3.15,1028,111,898:1,-2.39,2926,317,315:1,-0.93,3760,-0.92,6448,2594,5980,3739,3744,45,-0.30,,39,40,36,46,56,-1.66,54,53,42,45,57,591200,635683,93,93,93,-1.02,187774,237688,79,78,80,-2.09,14817,507802,2.9,-1.90,7,5,9,-1.65,17,8,23,15,4,173238,40888,4.2,-0.25,32939,211976,16,15,17,-1.01,879,9.5,1.07,827,89,-0.74,1952,42,40,44,-2.13,,,,17,14,20,49,40,58,24,20,27,50,47,52,7.8,-1.86,Yes,1.44,16,15,16,13,13,14,2,2,3,1,1,1,1.37,76,76,77,-1.62,87,76,99,78,77,80,84,82,85,80,79,81,85,85,86,482644,42,41,42,0.75,
17045,Illinois,Edgar,,283,8150,6492,9809,0.34,,,,,,,,,,,,,,,,,,,,,17,15,19,-0.30,4.2,3.7,4.6,-0.04,4.6,4.2,5.0,0.20,,8,7,10,0.46,,,,,,,,,,,,,,,,22,19,25,0.35,31,20,45,0.17,7.3,1.04,31,21,43,1.43,53,0.73,23,21,24,0.90,1,18,6,0,20,-1.94,47,271.2,-0.36,27,22,33,0.34,,,,,,,,,,,,,,,,806,6,5,7,-0.43,6,35,2893:1,0.46,5,29,3432:1,0.65,18,105,953:1,0.52,6707,1.51,,,,,,36,1.83,,,,,,35,1.10,,,,,,11399,12655,90,88,92,-0.10,2573,3923,66,57,75,-0.40,383,9019,4.2,-0.23,21,13,28,0.59,,,,,,90818,22010,4.1,-0.42,953,3516,27,20,35,0.67,26,15.0,-0.05,48,294,0.28,70,80,63,102,0.08,,,,,,,,,,,,,,,,8.6,-0.22,Yes,1.44,13,10,15,10,8,13,1,0,2,2,1,3,0.39,84,82,86,0.30,,,,,,,,,,,,,,,,8084,26,22,30,-0.68,
17047,Illinois,Edwards,,98,8884,6376,12053,0.77,,,,,,,,,,,,,,,,,,,,,16,14,19,-0.61,4.1,3.7,4.5,-0.16,4.5,4.1,4.9,0.05,,8,6,11,0.36,,,,,,,,,,,,,,,,21,18,24,-0.10,30,18,45,0.03,8.2,-0.18,25,15,38,0.12,42,1.33,23,21,24,0.90,0,5,0,0,32,-2.39,8,123.3,-1.07,29,21,40,0.57,,,,,,,,,,,,,,,,292,6,5,7,-0.56,,,,0.00,1,16,6395:1,1.15,4,63,1599:1,0.82,4011,-0.71,,,,,,43,0.17,,,,,,36,0.97,,,,,,4154,4516,92,90,94,-0.70,960,1397,69,60,77,-0.79,111,2715,4.1,-0.43,15,9,21,-0.33,,,,16,12,95344,23515,4.1,-0.53,292,1499,19,13,26,-0.44,15,23.5,-1.78,,,0.00,25,77,50,114,-0.09,,,,,,,,,,,,,,,,8.8,0.20,No,-0.69,7,5,9,5,3,7,1,0,2,1,0,2,-1.48,83,80,85,-0.02,,,,,,,,,,,,,,,,2890,30,25,35,-0.32,
17049,Illinois,Effingham,,412,6578,5594,7561,-0.60,,,,,,,,,,,,,,,,,,,,,16,13,18,-0.89,4.0,3.5,4.5,-0.49,4.4,4.0,4.8,-0.48,,7,7,8,-0.28,,,,,,,,,,,,,,,,20,17,24,-0.35,29,19,40,-0.31,8.6,-0.72,21,14,31,-0.80,58,0.50,23,22,24,1.24,6,36,17,9,26,-1.06,83,243.2,-0.49,26,22,30,0.22,,,,,,,,,,,,,,,,1625,6,5,7,-0.59,27,79,1267:1,-1.14,48,141,709:1,-3.49,64,188,531:1,-0.05,3455,-1.17,,,,,,54,-2.43,,,,,,34,1.24,,44,,,34,21757,23379,93,92,94,-1.04,5666,8437,67,62,72,-0.59,630,19370,3.3,-1.48,12,8,16,-0.94,,,,23,13,110239,26201,4.2,-0.29,1029,8094,13,9,16,-1.42,52,15.2,-0.10,61,181,-0.28,133,78,65,91,-0.07,,,,,,,,,,,,,,,,8.9,0.40,Yes,1.44,7,6,8,6,4,7,1,1,2,1,0,1,-1.31,85,82,87,0.52,,,,,,,,,,,,,,,,17053,16,14,19,-1.55,
17051,Illinois,Fayette,,301,6660,5461,7858,-0.55,,,,,,,,,,,,,,,,,,,,,21,18,24,1.58,4.7,4.3,5.2,1.45,4.9,4.5,5.4,1.50,,7,6,8,-0.55,,,,,,,,,,,,,,,,25,22,28,1.71,30,20,42,-0.02,7.0,1.45,26,17,36,0.19,53,0.75,21,20,22,-0.49,5,26,19,10,31,-0.85,37,169.8,-0.85,34,28,39,1.04,,,,,,,,,,,,,,,,1235,8,7,9,1.24,3,14,7139:1,1.21,9,42,2371:1,0.16,20,94,1067:1,0.60,5687,0.67,,,,,,43,0.17,,,,,,42,0.18,,,,,,12824,15303,84,82,86,1.88,2821,5326,53,47,59,1.20,436,9940,4.4,-0.05,22,15,29,0.78,,,,,,95699,20584,4.6,0.40,1095,4452,25,19,30,0.30,35,16.3,-0.33,28,135,-0.50,86,79,63,98,0.02,,,,,,,,,,,,,,,,8.8,0.20,Yes,1.44,12,10,14,10,8,12,2,1,3,1,0,1,0.21,85,83,87,0.66,,,,,,,,,,,,,,,,8633,30,26,34,-0.29,
17053,Illinois,Ford,,205,7375,5809,8941,-0.12,,,,,,,,,,,,,,,,,,,,,18,16,21,0.27,4.3,3.9,4.8,0.50,4.6,4.2,5.1,0.49,,7,5,8,-0.96,,,,,,,,,,,,,,,,22,19,26,0.41,29,18,42,-0.23,7.8,0.37,29,19,42,0.98,65,0.09,22,20,23,0.09,5,17,29,16,43,-0.04,33,248.5,-0.47,23,18,29,-0.10,,,,,,,,,,,,,,,,686,6,5,7,-0.01,10,75,1326:1,-1.02,5,39,2592:1,0.30,63,486,206:1,-2.09,5460,0.48,,,,,,45,-0.30,,,,,,33,1.37,,,,,,8399,9287,90,89,92,-0.21,1942,3015,64,56,73,-0.25,279,6490,4.3,-0.16,14,9,20,-0.48,,,5,56,22,102404,23342,4.4,-0.01,823,3017,27,19,36,0.69,22,16.6,-0.38,34,252,0.07,47,70,52,94,-0.50,,,,,,,,,,,,,,,,8.4,-0.63,Yes,1.44,12,9,14,9,7,11,1,0,2,2,1,3,0.07,77,73,81,-1.44,,,,,,,,,,,,,,,,6233,35,31,39,0.15,
17055,Illinois,Franklin,,736,9271,8183,10359,1.00,,,,,,,,,,,,,,,,,,,,,20,17,23,1.17,4.6,4.2,5.2,1.28,4.9,4.4,5.4,1.30,,8,7,9,0.39,,,,,,,,,,,,,,,,25,21,28,1.47,33,23,45,0.62,7.5,0.77,30,21,41,1.17,60,0.37,20,19,22,-1.08,12,46,26,18,34,-0.30,134,343.2,-0.01,44,39,49,2.10,,,,,,,,,,,,,,,,2042,7,6,8,0.25,13,34,2977:1,0.50,16,42,2404:1,0.19,257,668,150:1,-3.34,7004,1.75,,,,,,41,0.65,,,,50,41,37,0.84,,,27,29,37,24463,27508,89,88,90,0.26,5891,9150,64,59,69,-0.24,891,16456,5.4,1.24,23,16,31,1.07,,,47,54,24,86273,17145,5.0,1.00,2008,8595,23,19,28,0.12,61,15.8,-0.21,57,160,-0.38,220,113,98,128,1.96,,,,,,,,,,,,,,,,9.1,0.81,Yes,1.44,13,11,15,11,9,13,1,1,2,1,1,2,0.52,83,81,85,0.06,,,,,,,,,,,,,,,,15490,36,33,39,0.23,
17057,Illinois,Fulton,,599,8381,7270,9492,0.47,,,,,,,,,,,,,,,,,,,,,19,17,22,0.70,4.4,4.0,4.8,0.62,4.7,4.3,5.2,0.72,,8,7,9,-0.07,,,,,,,,,,,,,,,,23,20,26,0.81,25,16,36,-1.05,7.8,0.37,26,17,36,0.16,57,0.53,21,20,23,-0.02,12,28,43,33,52,1.04,70,199.4,-0.71,30,26,35,0.66,,,,,,,,,,,,,,,,1719,7,6,8,0.32,12,34,2904:1,0.47,6,17,5723:1,1.08,19,55,1807:1,0.86,5183,0.25,,,,,,42,0.41,,,,,,36,0.97,,,,29,37,22555,25443,89,87,90,0.35,5212,8705,60,55,64,0.33,853,15262,5.6,1.46,18,12,24,0.17,,,31,7,19,95772,22010,4.4,-0.07,1505,6931,22,17,27,-0.12,57,16.4,-0.33,36,115,-0.60,147,84,70,97,0.28,,,,,,,,,,,,,,,,8.6,-0.22,No,-0.69,11,9,12,8,7,10,1,1,2,2,1,2,-0.15,85,83,87,0.61,,,,,,,,,,,,,,,,14829,38,35,42,0.45,
17059,Illinois,Gallatin,,113,11673,7864,15482,2.43,,,,,,,,,,,,,,,,,,,,,21,18,23,1.41,4.8,4.4,5.2,1.79,5.0,4.6,5.4,1.82,,7,5,10,-0.34,,,,,,,,,,,,,,,,25,22,28,1.61,26,15,39,-0.86,5.3,3.00,23,14,35,-0.40,37,1.64,21,20,21,-0.84,1,5,20,2,48,-0.79,7,137.8,-1.00,35,24,49,1.13,,,,,,,,,,,,,,,,234,6,5,7,-0.35,1,20,5058:1,1.00,,,,0.00,,,,0.00,6373,1.23,,,,,,41,0.65,,,,,,31,1.63,,,,,,3219,3704,87,84,90,0.90,611,1151,53,43,63,1.18,115,2359,4.9,0.56,26,17,36,1.55,,,,,,88792,15945,5.6,1.85,354,1038,34,25,43,1.69,10,19.8,-1.03,8,180,-0.28,22,86,54,131,0.43,,,,,,,,,,,,,,,,8.7,-0.01,No,-0.69,7,4,9,5,2,7,1,0,2,2,0,3,-1.46,85,81,90,0.69,,,,,,,,,,,,,,,,2076,41,33,49,0.66,
17061,Illinois,Greene,,213,8855,6856,10853,0.76,,,,,,,,,,,,,,,,,,,,,18,16,21,0.41,4.4,4.0,4.8,0.60,4.7,4.3,5.1,0.83,,8,6,9,-0.04,,,,,,,,,,,,,,,,23,20,26,0.95,25,15,37,-1.05,7.9,0.23,23,14,36,-0.42,56,0.60,22,20,23,0.19,5,16,31,18,45,0.11,23,174.6,-0.83,24,19,31,0.01,,,,,,,,,,,,,,,,739,7,6,8,0.72,2,15,6522:1,1.16,4,31,3242:1,0.58,,,,0.00,4987,0.09,,,,,,42,0.41,,,,,,35,1.10,,,,,,8457,9336,91,89,92,-0.26,1607,3074,52,46,59,1.28,260,6036,4.3,-0.15,19,12,26,0.34,,,,,,91722,22008,4.2,-0.36,768,2729,28,21,35,0.82,18,13.8,0.19,27,203,-0.17,69,105,82,133,1.52,,,,,,,,,,,,,,,,8.5,-0.42,Yes,1.44,9,7,12,8,5,10,1,0,2,1,0,1,-0.61,84,81,87,0.36,,,,,,,,,,,,,,,,6028,46,40,51,1.12,
17063,Illinois,Grundy,,592,6648,5850,7446,-0.56,,,,,,,,,,,,,,,,,,,,,15,13,17,-1.36,3.6,3.2,4.0,-1.60,4.0,3.7,4.4,-1.63,,7,7,8,-0.34,,,,,,,,,,11,8,14,7,6,8,18,15,21,-1.31,32,23,41,0.28,8.8,-0.99,23,16,31,-0.49,88,-1.13,22,21,23,0.47,16,43,37,29,45,0.59,121,239.2,-0.51,14,11,16,-1.12,,,,,,,,,,14,9,21,13,11,16,1992,5,4,5,-1.74,16,31,3186:1,0.58,21,41,2431:1,0.20,82,161,623:1,0.14,5206,0.27,,,,3737,5272,43,0.17,,,,29,43,49,-0.74,,43,22,41,49,31502,33798,93,92,94,-1.09,9027,13610,66,61,72,-0.49,1136,25443,4.5,0.04,7,4,10,-1.72,,,11,11,8,135680,37070,3.7,-1.16,2720,12880,21,17,26,-0.20,48,9.4,1.08,50,101,-0.67,158,62,53,72,-0.96,,,,,,,,,,,,,,,,8.9,0.40,Yes,1.44,13,11,15,11,9,13,1,0,2,2,1,3,0.57,88,86,90,1.37,,,,,,,,,,87,82,92,88,85,90,24889,45,41,48,1.02,
17065,Illinois,Hamilton,,115,5845,3982,7708,-1.03,,,,,,,,,,,,,,,,,,,,,17,14,19,-0.49,4.1,3.6,4.6,-0.15,4.5,4.1,5.0,0.00,,8,5,10,-0.17,,,,,,,,,,,,,,,,21,18,25,0.05,29,19,41,-0.29,8.4,-0.45,27,16,40,0.58,12,2.99,23,22,25,1.66,2,5,40,15,62,0.81,10,122.0,-1.08,27,19,36,0.26,,,,,,,,,,,,,,,,371,6,5,7,-0.56,3,37,2721:1,0.38,1,12,8116:1,1.27,2,25,4058:1,1.08,6051,0.97,,,,,,40,0.88,,,,,,37,0.84,,,,,,5045,5790,87,,,0.83,1277,1808,71,,,-1.03,172,4449,3.9,-0.71,17,10,25,0.05,,,,,,97912,24259,4.0,-0.56,341,1812,19,9,29,-0.54,25,30.6,-3.00,3,55,-0.90,23,56,36,85,-1.30,,,,,,,,,,,,,,,,8.2,-1.04,No,-0.69,8,5,11,6,3,10,1,0,2,1,0,2,-1.20,77,72,82,-1.48,,,,,,,,,,,,,,,,3458,38,29,48,0.46,
17067,Illinois,Hancock,,241,7408,5833,8984,-0.10,,,,,,,,,,,,,,,,,,,,,17,14,19,-0.49,4.1,3.7,4.5,-0.13,4.5,4.1,4.9,0.07,,6,5,8,-1.07,,,,,,,,,,,,,,,,21,18,24,-0.01,30,22,40,0.03,7.6,0.64,26,17,36,0.26,58,0.45,22,20,23,0.12,0,7,0,0,26,-2.39,28,155.4,-0.92,21,17,27,-0.31,,,,,,,,,,,,,,,,800,6,5,7,-0.52,4,22,4461:1,0.90,6,34,2951:1,0.47,28,158,632:1,0.16,3978,-0.74,,,,,,46,-0.54,,,,,,40,0.44,,,,,,12104,12954,93,92,95,-1.16,2417,3775,64,57,71,-0.20,397,8464,4.7,0.33,18,13,24,0.17,,,,32,21,93603,23182,4.0,-0.56,907,3790,24,18,30,0.21,34,19.1,-0.88,10,76,-0.80,72,79,62,100,0.03,,,,,,,,,,,,,,,,8.6,-0.22,No,-0.69,7,6,9,6,4,8,1,1,2,0,0,1,-1.28,86,83,89,0.85,,,,,,,,,,,,,,,,8030,36,32,39,0.21,
17069,Illinois,Hardin,,99,13536,8842,19833,3.00,,,,,,,,,,,,,,,,,,,,,21,18,24,1.45,4.8,4.3,5.3,1.68,5.0,4.5,5.4,1.63,x,8,,,0.34,,,,,,,,,,,,,,,,25,21,28,1.56,29,18,44,-0.19,7.4,0.91,27,16,39,0.47,78,-0.61,21,20,22,-0.31,3,6,50,28,67,1.61,5,123.6,-1.07,23,14,37,-0.10,,,,,,,,,,,,,,,,222,8,6,9,1.13,4,102,978:1,-1.99,1,26,3821:1,0.76,1,26,3821:1,1.07,9634,3.00,,,,,,37,1.59,,,,,,20,3.00,,,,,,2382,2991,80,74,86,3.00,502,912,55,39,71,0.93,87,1318,6.6,2.73,29,17,40,1.97,,,,,,100350,23153,4.3,-0.09,103,673,15,9,22,-1.05,4,10.2,0.91,9,207,-0.15,15,75,42,124,-0.21,,,,,,,,,,,,,,,,8.6,-0.22,No,-0.69,9,6,13,7,3,11,1,0,3,2,0,4,-0.65,86,81,91,0.87,,,,,,,,,,,,,,,,1290,38,26,49,0.40,
17071,Illinois,Henderson,,116,9302,6359,12245,1.02,,,,,,,,,,,,,,,,,,,,,17,14,19,-0.42,4.1,3.7,4.5,-0.19,4.6,4.2,5.0,0.47,,9,6,12,1.02,,,,,,,,,,,,,,,,21,18,24,0.08,35,23,46,0.89,8.9,-1.13,28,17,42,0.84,44,1.23,22,21,23,0.46,2,9,22,6,42,-0.61,13,191.3,-0.74,22,15,32,-0.18,,,,,,,,,,,,,,,,351,7,6,8,0.53,,,,0.00,11,166,604:1,-3.00,3,45,2215:1,0.93,5299,0.35,,,,,,41,0.65,,,,,,47,-0.48,,,,,,4629,5076,91,89,94,-0.45,754,1285,59,49,69,0.48,175,3638,4.8,0.48,17,10,23,-0.04,,,,,,93538,26295,3.6,-1.32,194,1258,15,9,21,-1.03,8,11.9,0.57,,,0.00,36,106,74,147,1.55,,,,,,,,,,,,,,,,8.4,-0.63,No,-0.69,7,4,9,5,3,7,2,0,3,1,0,1,-1.53,84,80,87,0.29,,,,,,,,,,,,,,,,3255,36,30,42,0.23,
17073,Illinois,Henry,,633,6271,5438,7104,-0.78,,,,,,,,,,,,,,,,,,,,,16,14,19,-0.55,4.1,3.6,4.5,-0.28,4.4,4.0,4.8,-0.35,,8,7,8,-0.18,,,,,,,12,6,18,7,4,10,7,7,8,20,17,23,-0.34,33,24,42,0.49,8.5,-0.58,26,19,35,0.30,77,-0.57,23,22,24,1.38,8,33,24,15,34,-0.45,133,269.6,-0.37,22,19,25,-0.20,,,,,,,48,27,79,29,19,43,21,18,24,2342,6,5,7,-0.35,10,20,4909:1,0.98,19,39,2574:1,0.29,21,43,2329:1,0.95,3706,-0.97,,,,2537,3725,45,-0.30,,,31,36,45,46,-0.35,,,39,39,46,31533,34574,91,90,92,-0.46,7122,11153,64,59,69,-0.18,1202,25217,4.8,0.42,13,8,17,-0.79,,,48,29,16,109932,25454,4.3,-0.12,2205,10897,20,16,24,-0.33,68,13.9,0.18,58,130,-0.53,161,65,55,76,-0.78,,,,,,,,,,,,,,,,8.9,0.40,Yes,1.44,8,7,10,7,6,9,1,0,1,1,0,1,-0.99,87,86,89,1.16,,,,,,,,,,77,64,89,85,82,87,22836,32,29,35,-0.09,
17075,Illinois,Iroquois,,501,9382,8029,10736,1.07,,,,,,,,,,,,,,,,,,,,,18,16,21,0.32,4.3,3.9,4.7,0.30,4.6,4.2,5.0,0.34,,8,7,9,-0.11,,,,,,,,,,10,6,14,7,6,8,22,19,25,0.36,30,20,42,0.03,8.0,0.09,26,17,37,0.21,42,1.34,21,20,23,-0.20,10,48,21,14,29,-0.72,57,204.5,-0.68,25,21,29,0.11,,,,,,,,,,24,14,39,26,22,31,1572,7,6,8,0.82,11,40,2509:1,0.27,9,33,3013:1,0.50,75,277,362:1,-0.65,4124,-0.62,,,,,,43,0.17,,,29,32,43,39,0.58,,,8,29,40,17626,19697,89,88,91,0.09,3477,5991,58,53,63,0.56,608,14481,4.2,-0.29,15,10,21,-0.33,,,,35,13,95725,22829,4.2,-0.32,1264,6061,21,17,25,-0.24,42,15.2,-0.10,36,136,-0.50,157,112,95,130,1.93,,,,,,,,,,,,,,,,8.5,-0.42,Yes,1.44,14,12,17,12,10,14,2,1,3,2,1,3,1.02,82,80,84,-0.20,,,,,,,,,,82,72,93,79,77,82,12705,34,30,37,0.03,
17077,Illinois,Jackson,,712,8248,7343,9152,0.40,,,,,,,,,11495,8720,14271,,,,,,8293,7232,9353,,19,17,22,0.74,4.4,4.0,4.8,0.62,4.7,4.3,5.1,0.61,,9,8,10,0.87,,,,8,3,13,14,12,16,7,3,10,7,6,8,22,18,25,0.17,25,17,33,-1.22,6.9,1.59,20,13,29,-1.17,78,-0.59,19,18,20,-2.00,12,53,23,16,30,-0.58,620,1063.8,3.48,19,17,21,-0.57,,,,,,,27,22,32,14,8,23,17,14,19,3714,8,7,10,1.59,76,132,756:1,-3.08,45,79,1261:1,-1.21,152,268,373:1,-0.59,4848,-0.02,,,6080,1255,4747,42,0.41,,43,36,26,43,42,0.18,,41,24,40,44,32202,35042,92,90,93,-0.67,10598,14020,76,71,81,-1.66,1071,28083,3.8,-0.77,28,19,37,1.85,,2,73,36,14,87967,13562,6.5,3.29,3977,10566,38,32,43,2.20,89,15.5,-0.16,246,419,0.90,238,82,71,92,0.17,,,,,,,61,41,88,,,,93,80,105,9.3,1.23,No,-0.69,20,18,22,19,17,22,1,1,2,1,1,2,2.89,78,76,81,-1.08,,,,53,41,64,68,60,75,82,66,98,85,83,87,24138,22,19,24,-1.07,
17079,Illinois,Jasper,,93,4475,3041,6352,-1.85,,,,,,,,,,,,,,,,,,,,,17,14,20,-0.35,4.1,3.7,4.6,-0.14,4.5,4.1,4.9,0.06,,7,5,9,-0.45,,,,,,,,,,,,,,,,22,18,25,0.16,24,14,37,-1.39,8.1,-0.04,20,11,32,-1.13,36,1.69,22,21,24,0.78,4,13,31,16,46,0.07,12,125.3,-1.06,17,12,24,-0.74,,,,,,,,,,,,,,,,534,7,6,8,0.44,2,21,4806:1,0.96,1,10,9610:1,1.34,37,385,260:1,-1.40,3906,-0.80,,,,,,50,-1.48,,,,,,37,0.84,,,,,,6030,6717,90,86,93,0.00,1285,2121,61,51,70,0.24,198,4667,4.2,-0.23,14,9,20,-0.48,,,,,,99571,19119,5.2,1.28,373,2226,17,9,25,-0.84,15,15.6,-0.18,,,0.00,42,88,63,118,0.50,,,,,,,,,,,,,,,,8.8,0.20,No,-0.69,10,6,13,9,5,13,1,0,2,2,0,3,-0.58,81,77,85,-0.34,,,,,,,,,,,,,,,,4348,39,32,46,0.53,
17081,Illinois,Jefferson,,609,8953,7809,10096,0.81,,,,,,,,,15946,11443,21633,,,,,,8264,7086,9442,,19,17,22,0.73,4.5,4.1,5.0,0.96,4.7,4.3,5.1,0.74,,9,8,10,1.40,,,,,,,18,14,22,,,,8,7,9,23,20,26,0.63,38,27,50,1.52,7.3,1.04,25,16,35,0.00,58,0.49,20,19,22,-0.99,7,35,20,12,30,-0.79,174,455.7,0.53,40,35,44,1.65,,,,,,,38,26,54,59,31,101,39,34,44,1870,7,5,8,0.09,22,58,1719:1,-0.39,21,56,1794:1,-0.34,91,241,414:1,-0.41,4979,0.08,,,4799,,5011,45,-0.30,,,45,,45,46,-0.35,,,26,49,47,23144,26472,87,86,89,0.73,5687,9302,61,57,65,0.17,805,17525,4.6,0.21,24,17,30,1.14,,,55,53,27,96709,21223,4.6,0.26,2306,8401,27,23,32,0.72,71,18.8,-0.82,231,603,1.81,183,96,82,110,0.99,,,,,,,93,54,150,,,,99,83,114,9.0,0.61,No,-0.69,13,12,15,10,9,12,2,1,3,2,1,3,0.65,82,79,84,-0.20,,,,,,,62,45,78,,,,84,82,87,15713,19,17,21,-1.34,
17083,Illinois,Jersey,,356,8448,7057,9839,0.51,,,,,,,,,,,,,,,,,,,,,16,14,18,-0.91,3.9,3.5,4.3,-0.72,4.4,4.0,4.8,-0.39,,8,7,10,0.57,,,,,,,,,,,,,,,,20,17,23,-0.36,32,20,43,0.26,8.6,-0.72,33,22,45,1.83,74,-0.42,23,22,24,1.24,9,18,50,39,60,1.61,45,205.1,-0.68,14,11,18,-1.03,,,,,,,,,,,,,,,,886,5,4,6,-1.16,9,41,2427:1,0.22,10,46,2177:1,0.03,16,73,1361:1,0.74,6384,1.24,,,,,,45,-0.30,,,,,,40,0.44,,,,,,14077,15259,92,91,94,-0.79,3128,4778,65,57,74,-0.38,489,11044,4.4,0.00,14,10,19,-0.46,,,,15,13,115417,28467,4.1,-0.53,751,4531,17,8,25,-0.86,21,9.6,1.04,30,132,-0.52,120,109,90,129,1.74,,,,,,,,,,,,,,,,8.4,-0.63,No,-0.69,11,8,14,9,7,12,1,0,2,1,0,2,-0.16,86,84,88,0.94,,,,,,,,,,,,,,,,10265,45,39,51,1.09,
17085,Illinois,Jo Daviess,,242,6346,4776,7917,-0.74,,,,,,,,,,,,,,,,,,,,,16,13,18,-0.96,3.8,3.4,4.2,-1.08,4.3,3.9,4.7,-0.82,,7,5,8,-0.70,,,,,,,,,,,,,,,,19,16,23,-0.71,26,17,37,-0.90,8.5,-0.58,23,15,31,-0.49,73,-0.37,23,21,24,0.94,6,30,20,11,30,-0.79,51,236.2,-0.53,14,11,18,-1.07,,,,,,,,,,,,,,,,1007,7,6,8,0.12,10,47,2137:1,0.02,12,57,1770:1,-0.36,18,85,1180:1,0.66,4802,-0.06,,,,,,49,-1.25,,,,,,48,-0.61,,,,54,48,14884,16131,92,91,94,-0.79,2654,4163,64,57,71,-0.16,441,10869,4.1,-0.47,13,9,17,-0.74,,,,7,11,104122,26852,3.9,-0.81,798,4126,19,14,25,-0.46,25,11.7,0.61,29,131,-0.52,98,91,74,111,0.68,,,,,,,,,,,,,,,,8.5,-0.42,No,-0.69,11,9,13,9,7,11,1,0,2,1,0,2,-0.19,79,77,81,-0.95,,,,,,,,,,,,,,,,10644,27,24,31,-0.55,
17087,Illinois,Johnson,,204,7279,5532,9027,-0.18,,,,,,,,,,,,,,,,,,,,,19,17,22,0.72,4.4,4.0,4.9,0.73,4.6,4.2,5.0,0.43,,6,4,7,-1.71,,,,,,,,,,,,,,,,23,20,26,0.72,23,13,35,-1.45,7.2,1.18,22,13,36,-0.56,69,-0.13,22,20,23,-0.02,5,13,38,23,52,0.69,22,170.5,-0.85,22,16,30,-0.21,,,,,,,,,,,,,,,,546,6,5,7,-0.04,1,8,12456:1,1.42,3,24,4139:1,0.83,95,765,131:1,-3.00,5381,0.42,,,,,,39,1.12,,,,,,43,0.05,,,,,,7573,9208,82,80,84,2.37,1424,3136,45,40,51,2.15,250,4155,6.0,1.99,17,11,23,-0.05,,,,,,97671,24165,4.0,-0.55,487,2264,22,14,29,-0.14,16,12.8,0.38,31,262,0.12,48,76,56,100,-0.19,,,,,,,,,,,,,,,,8.9,0.40,No,-0.69,10,8,13,9,7,12,1,1,2,1,0,1,-0.31,84,81,88,0.43,,,,,,,,,,,,,,,,3778,46,39,52,1.12,
17089,Illinois,Kane,,4377,4957,4739,5175,-1.56,,,,,2674,1950,3398,,9729,8443,11016,,3715,3395,4035,,5302,4986,5619,,16,14,19,-0.57,3.7,3.3,4.1,-1.26,4.0,3.7,4.3,-1.75,,7,7,7,-0.49,,,,9,8,10,14,12,15,7,6,7,7,6,7,16,13,18,-2.18,28,25,32,-0.42,9.1,-1.40,14,12,17,-2.46,96,-1.62,20,19,21,-1.14,50,158,32,28,36,0.14,2180,407.7,0.30,19,18,19,-0.58,,,,4,2,6,33,30,37,34,32,36,5,4,5,44709,10,9,11,3.08,219,41,2439:1,0.23,360,68,1479:1,-0.78,1445,271,368:1,-0.62,4696,-0.15,,3413,7312,4734,4583,41,0.65,,32,37,30,43,52,-1.14,,49,38,38,55,292792,346073,85,84,85,1.62,84275,135403,62,60,64,0.03,12162,274298,4.4,0.01,13,11,15,-0.70,2,9,41,21,4,148778,35658,4.2,-0.35,26163,137312,19,17,21,-0.50,389,7.3,1.51,857,166,-0.35,1175,44,42,47,-2.01,,,,15,9,24,69,56,82,24,21,28,55,51,59,8.0,-1.45,No,-0.69,17,16,18,13,12,14,4,3,4,1,1,1,1.83,80,79,80,-0.78,71,56,87,78,75,80,81,76,87,76,74,78,83,83,84,262617,43,42,44,0.87,
17091,Illinois,Kankakee,,1591,8534,7895,9174,0.57,,,,,,,,,14966,12834,17099,,5931,4442,7757,,7451,6756,8147,,19,17,22,0.75,4.3,3.9,4.7,0.39,4.6,4.2,5.0,0.42,,9,8,10,1.05,,,,15,8,23,16,14,18,6,5,7,7,6,8,21,18,23,-0.18,38,30,47,1.63,8.1,-0.04,33,25,41,1.92,80,-0.72,20,19,21,-1.46,33,80,41,36,47,0.91,675,615.8,1.31,22,21,24,-0.20,,,,,,,53,47,60,34,28,40,12,11,14,5739,7,6,7,0.16,42,38,2620:1,0.33,56,51,1962:1,-0.16,167,152,658:1,0.20,5806,0.77,,,10300,3949,5361,45,-0.30,,55,39,24,46,49,-0.74,,47,34,35,50,64283,72882,88,87,89,0.49,15654,26531,59,56,62,0.44,2811,56207,5.0,0.72,18,13,24,0.20,,,48,27,10,112683,23928,4.7,0.50,7725,25341,30,27,34,1.16,113,10.3,0.90,310,318,0.40,416,76,68,83,-0.19,,,,,,,84,66,106,41,27,62,79,71,88,8.9,0.40,No,-0.69,15,14,17,13,12,15,2,1,2,1,1,2,1.27,82,81,83,-0.19,,,,91,56,100,72,66,78,83,79,86,83,82,85,50062,30,28,31,-0.35,
17093,Illinois,Kendall,,839,4309,3895,4724,-1.95,,,,,,,,,6863,5077,9074,,3881,3053,4865,,4125,3640,4610,,14,12,15,-1.87,3.3,3.0,3.7,-2.26,3.8,3.5,4.1,-2.51,,7,6,7,-0.91,,,,9,6,11,12,9,14,7,6,8,6,6,7,15,13,18,-2.45,35,28,42,0.91,9.6,-2.08,20,14,27,-1.13,94,-1.48,23,22,24,1.36,10,38,26,18,35,-0.28,431,341.5,-0.02,8,7,9,-1.69,,,,,,,16,12,22,13,10,16,6,4,7,6748,6,5,7,-0.52,47,37,2722:1,0.38,49,38,2632:1,0.32,132,102,977:1,0.54,3890,-0.81,,10423,6446,3757,3584,44,-0.06,,33,39,38,45,55,-1.53,,54,40,43,56,73244,79230,92,91,94,-0.85,26815,36207,74,69,79,-1.47,2272,68630,3.3,-1.40,5,3,7,-2.01,,2,23,6,3,157055,50706,3.1,-2.04,5383,36346,15,11,18,-1.12,66,5.2,1.94,128,104,-0.66,287,45,40,51,-1.93,,,,,,,57,38,84,30,21,42,49,43,56,9.5,1.64,No,-0.69,13,11,15,11,9,13,2,1,3,1,0,1,0.65,83,81,84,0.07,,,,59,24,94,76,61,90,74,71,78,79,77,81,64494,52,48,56,1.67,
17095,Illinois,Knox,,820,7315,6486,8144,-0.16,,,,,,,,,10578,7522,14461,,,,,,7180,6269,8091,,20,17,22,0.97,4.4,4.0,4.8,0.66,4.7,4.3,5.1,0.64,,8,7,9,0.07,,,,,,,10,8,12,8,5,11,7,6,8,23,20,26,0.89,35,27,45,1.08,7.6,0.64,28,20,36,0.75,77,-0.54,22,20,23,0.01,11,38,29,20,38,-0.07,245,483.8,0.67,27,24,30,0.28,,,,,,,47,35,62,43,29,60,24,21,27,2358,7,6,8,0.10,26,52,1927:1,-0.16,21,42,2367:1,0.16,91,183,546:1,-0.01,4139,-0.61,,,1721,4982,4098,48,-1.01,,50,44,32,49,51,-1.01,,68,39,49,51,31323,35172,89,88,90,0.22,6132,11347,54,50,58,1.06,1085,21856,5.0,0.67,24,18,31,1.20,,2,73,26,18,87217,17281,5.0,1.03,2714,9969,27,22,32,0.69,70,14.0,0.15,156,355,0.58,178,70,60,81,-0.49,,,,,,,62,34,103,,,,75,64,87,8.7,-0.01,No,-0.69,11,10,12,10,8,11,1,1,2,1,0,1,-0.09,81,79,83,-0.49,,,,38,10,66,60,45,75,63,47,79,83,81,84,20906,20,18,22,-1.25,
17097,Illinois,Lake,,5780,4860,4666,5053,-1.62,,,,,2032,1595,2469,,11139,10081,12197,,4015,3663,4367,,4745,4492,4998,,14,13,16,-1.45,3.3,3.0,3.6,-2.34,3.8,3.5,4.1,-2.48,,8,7,8,-0.07,,,,10,9,11,14,13,15,7,6,7,7,6,7,15,13,17,-2.63,25,22,28,-1.09,8.9,-1.13,20,17,22,-1.22,99,-1.75,21,20,22,-0.35,77,215,36,32,39,0.48,3234,459.7,0.55,13,12,13,-1.20,,,,1,1,2,32,29,35,27,26,29,4,4,4,43398,7,7,8,0.88,779,111,900:1,-2.31,819,118,850:1,-2.62,2074,298,336:1,-0.80,4568,-0.25,13794,2519,8998,4649,4336,44,-0.06,,39,41,34,46,55,-1.53,38,52,38,42,57,414815,457676,91,90,91,-0.28,116742,166025,70,69,72,-0.99,15603,378425,4.1,-0.38,10,8,12,-1.16,4,4,28,19,4,179152,37206,4.8,0.66,31344,171262,18,17,19,-0.61,558,8.0,1.37,1057,154,-0.41,1629,46,44,49,-1.88,,,,16,12,21,74,64,85,26,23,30,54,51,57,9.9,2.46,Yes,1.44,16,15,16,13,13,14,2,2,3,1,0,1,1.45,77,76,78,-1.51,68,63,73,78,77,79,73,70,76,74,73,76,82,82,83,355918,47,46,48,1.21,
17099,Illinois,LaSalle,,1640,8513,7861,9164,0.55,,,,,,,,,11269,7361,16512,,4312,3095,5850,,9026,8279,9774,,18,16,20,0.07,4.1,3.7,4.5,-0.24,4.4,4.0,4.8,-0.40,,7,7,8,-0.32,,,,,,,13,8,17,6,5,8,7,7,8,22,19,25,0.27,32,25,39,0.36,8.1,-0.04,27,21,34,0.54,82,-0.81,21,20,22,-0.65,32,81,40,34,45,0.77,344,312.5,-0.16,24,22,26,-0.04,,,,,,,52,36,72,31,25,37,22,20,24,5508,6,6,7,-0.06,43,39,2545:1,0.29,58,53,1874:1,-0.25,104,96,1045:1,0.59,4146,-0.60,,,585,4052,4192,45,-0.30,,44,40,41,46,48,-0.61,,43,41,43,48,68459,77275,89,88,89,0.37,15434,26290,59,56,62,0.47,2921,55002,5.3,1.11,18,13,23,0.17,,,63,32,18,108911,25008,4.4,-0.06,5664,23695,24,21,27,0.20,139,12.7,0.41,134,125,-0.56,506,92,84,100,0.75,,,,,,,84,46,141,52,35,75,98,89,107,9.1,0.81,Yes,1.44,13,11,14,12,10,13,1,1,1,1,0,1,0.48,85,84,86,0.69,,,,,,,68,53,82,78,74,82,86,85,87,50760,30,29,32,-0.26,
17101,Illinois,Lawrence,,264,8899,7177,10622,0.78,,,,,,,,,,,,,,,,,,,,,20,18,23,1.22,4.6,4.1,5.0,1.05,4.6,4.3,5.0,0.49,,10,8,11,1.43,,,,,,,,,,,,,,,,24,21,27,1.13,30,17,44,-0.16,7.7,0.50,26,16,40,0.37,41,1.40,21,20,22,-0.15,6,16,38,24,50,0.61,30,185.6,-0.77,43,35,51,1.98,,,,,,,,,,,,,,,,703,7,5,8,0.09,4,25,3941:1,0.80,1,6,15678:1,1.49,37,236,424:1,-0.38,5863,0.81,,,,,,39,1.12,,,,,,48,-0.61,,,27,,48,10063,11856,85,83,86,1.54,2338,4487,52,46,58,1.31,307,5913,5.2,0.96,25,18,33,1.41,,,,59,23,94752,21674,4.4,-0.04,768,2894,27,18,35,0.59,25,15.9,-0.23,15,107,-0.64,62,77,59,99,-0.11,,,,,,,,,,,,,,,,8.9,0.40,No,-0.69,9,7,12,7,4,9,3,1,4,1,0,1,-0.64,83,81,86,0.23,,,,,,,,,,,,,,,,6110,28,23,33,-0.48,
17103,Illinois,Lee,,512,6901,5935,7868,-0.41,,,,,,,,,,,,,,,,,,,,,17,15,19,-0.28,3.9,3.5,4.4,-0.61,4.3,4.0,4.7,-0.60,,6,6,7,-1.05,,,,,,,,,,7,3,10,6,5,7,21,18,24,-0.04,35,25,46,0.89,8.5,-0.58,26,17,36,0.28,66,0.04,22,21,23,0.44,15,28,54,45,61,1.89,103,299.4,-0.22,22,18,25,-0.27,,,,,,,,,,28,15,46,21,17,25,1402,6,5,6,-0.75,24,70,1426:1,-0.83,15,44,2273:1,0.10,166,487,205:1,-2.10,4615,-0.22,,,,,,40,0.88,,,,39,40,45,-0.21,,42,35,46,45,22174,24978,89,87,90,0.31,5439,8568,63,58,68,-0.13,706,17724,4.0,-0.56,17,12,22,-0.05,,,5,11,18,104805,25144,4.2,-0.36,1295,6793,19,15,23,-0.50,45,13.1,0.32,48,142,-0.47,135,79,65,92,-0.01,,,,,,,,,,,,,,,,9.0,0.61,Yes,1.44,10,8,12,8,7,10,2,1,3,1,0,2,-0.30,86,85,87,0.90,,,,,,,,,,79,66,91,84,82,87,15229,25,22,28,-0.78,
17105,Illinois,Livingston,,561,8219,7172,9265,0.38,,,,,,,,,,,,,,,,,,,,,18,16,21,0.26,4.3,3.8,4.7,0.23,4.6,4.2,5.0,0.24,,8,7,9,-0.14,,,,,,,,,,9,4,14,7,6,8,22,19,25,0.28,30,21,40,-0.08,8.4,-0.45,26,18,36,0.30,70,-0.18,21,20,23,-0.03,11,48,23,16,31,-0.56,115,314.9,-0.15,24,21,28,0.03,,,,,,,,,,42,25,65,23,20,27,1521,6,5,6,-0.76,16,45,2235:1,0.09,15,42,2377:1,0.17,48,135,743:1,0.32,3339,-1.27,,,,4493,3326,51,-1.72,,,,44,51,52,-1.14,,,36,43,53,22867,25434,90,89,91,-0.05,4254,8544,50,45,54,1.60,679,16663,4.1,-0.44,18,13,23,0.15,,,51,41,20,105905,23665,4.5,0.13,2451,7762,32,25,38,1.32,64,17.9,-0.65,68,184,-0.26,174,96,82,110,0.99,,,,,,,,,,,,,,,,8.6,-0.22,No,-0.69,13,11,16,11,9,13,1,1,2,2,1,2,0.68,82,80,84,-0.27,,,,,,,,,,72,59,86,83,81,85,15732,27,24,30,-0.60,
17107,Illinois,Logan,,399,7391,6233,8549,-0.11,,,,,,,,,,,,,,,,,,,,,17,15,19,-0.39,4.0,3.7,4.4,-0.41,4.5,4.1,4.9,-0.12,,9,8,10,0.97,,,,,,,,,,,,,,,,20,18,23,-0.34,35,24,50,1.02,8.0,0.09,26,17,38,0.23,74,-0.40,21,20,23,-0.08,12,27,44,35,53,1.16,134,458.2,0.55,25,21,29,0.10,,,,,,,17,9,29,,,,28,23,32,1149,6,5,7,-0.61,9,31,3214:1,0.59,15,52,1908:1,-0.21,23,80,1244:1,0.69,4015,-0.71,,,15272,,3989,51,-1.72,,,,,,41,0.31,,,6,,41,18074,20373,89,87,90,0.33,4431,7543,59,54,63,0.47,554,12739,4.3,-0.10,16,11,22,-0.14,,,,33,10,107799,26885,4.0,-0.61,819,5587,15,11,19,-1.14,43,14.9,-0.03,65,233,-0.02,101,69,56,83,-0.56,,,,,,,,,,,,,,,,8.5,-0.42,Yes,1.44,8,7,9,7,5,8,1,0,1,1,0,1,-1.08,80,78,82,-0.60,,,,,,,,,,,,,,,,12211,32,29,35,-0.14,
17109,Illinois,McDonough,,359,7350,6049,8651,-0.14,,,,,,,,,,,,,,,,,,,,,17,15,20,-0.21,4.2,3.8,4.6,0.04,4.5,4.1,4.8,-0.17,,7,6,8,-0.64,,,,,,,11,7,16,,,,7,5,8,20,17,23,-0.36,36,25,49,1.27,7.8,0.37,24,15,36,-0.31,72,-0.32,21,20,22,-0.35,3,14,21,8,37,-0.67,285,924.6,2.80,8,7,10,-1.69,,,,,,,,,,,,,,,,1597,7,6,9,0.85,15,50,1997:1,-0.10,9,30,3298:1,0.60,62,209,479:1,-0.19,4738,-0.11,,,3261,,4692,37,1.59,,,33,,38,49,-0.74,,50,43,50,49,17053,18224,94,92,95,-1.20,4655,6402,73,65,80,-1.29,628,13458,4.7,0.30,23,16,30,1.00,,,55,12,15,97921,15685,6.2,2.91,1012,5191,19,14,25,-0.44,44,14.7,0.01,82,257,0.10,94,62,50,75,-1.01,,,,,,,,,,,,,,,,8.4,-0.63,No,-0.69,14,11,17,13,10,15,2,1,3,1,1,2,0.94,76,72,80,-1.76,,,,,,,,,,,,,,,,13223,18,15,21,-1.42,
17111,Illinois,McHenry,,2841,5154,4855,5453,-1.44,,,,,,,,,,,,,4453,3721,5186,,5328,4985,5671,,14,12,16,-1.66,3.5,3.1,3.9,-1.81,3.9,3.5,4.2,-2.21,,6,6,7,-1.06,,,,9,7,11,8,6,11,7,6,7,6,6,7,16,13,19,-2.15,33,29,38,0.62,9.0,-1.26,20,16,23,-1.24,92,-1.36,24,23,25,1.98,50,121,41,37,46,0.92,709,229.4,-0.56,8,8,9,-1.69,,,,,,,13,8,21,25,22,27,5,4,5,17894,7,6,8,0.33,154,50,2004:1,-0.09,196,64,1570:1,-0.63,630,205,489:1,-0.16,5028,0.12,,1159,4994,4861,5067,42,0.41,,37,35,37,42,53,-1.27,,52,41,44,53,193918,208188,93,93,94,-1.07,51811,73274,71,68,73,-1.04,5488,165574,3.3,-1.40,7,5,9,-1.79,,9,21,24,7,151259,40915,3.7,-1.10,11210,73271,15,13,17,-1.05,223,7.2,1.52,288,96,-0.70,910,59,55,63,-1.15,,,,,,,,,,38,30,47,65,61,70,9.6,1.84,No,-0.69,13,12,14,12,11,12,2,1,2,1,0,1,0.60,83,82,84,0.15,,,,75,69,81,84,78,91,77,74,81,82,81,83,161612,49,47,50,1.42,
17113,Illinois,McLean,,1556,5884,5462,6306,-1.01,,,,,,,,,10509,8603,12416,,,,,,5756,5287,6225,,14,12,16,-1.53,3.8,3.4,4.2,-1.12,4.0,3.6,4.4,-1.87,,8,8,9,0.30,,,,10,9,12,13,11,14,7,6,9,7,7,8,17,14,20,-1.65,31,25,39,0.24,8.1,-0.04,21,16,27,-0.82,84,-0.94,21,20,22,-0.10,21,66,32,25,38,0.16,956,554.9,1.02,10,9,11,-1.48,,,,,,,31,26,35,19,15,24,7,6,8,7513,5,5,6,-1.02,96,56,1800:1,-0.30,115,67,1491:1,-0.75,454,265,378:1,-0.57,4149,-0.60,,,7160,3913,4082,55,-2.67,,50,48,48,56,58,-1.93,,58,41,44,58,100583,104831,96,95,97,-1.95,33654,43115,78,75,81,-1.97,3326,88460,3.8,-0.84,10,7,13,-1.28,,4,35,23,8,133147,24998,5.3,1.47,7839,37285,21,19,23,-0.22,206,11.9,0.57,497,287,0.25,488,57,52,62,-1.29,,,,,,,76,58,99,28,14,49,60,54,66,7.9,-1.66,Yes,1.44,13,12,14,12,11,13,1,1,2,1,0,1,0.62,81,80,82,-0.48,,,,68,60,76,73,66,79,73,68,79,83,81,84,87703,16,15,17,-1.58,
17115,Illinois,Macon,,1638,8398,7747,9048,0.48,,,,,,,,,11635,9899,13370,,,,,,7599,6903,8295,,18,16,20,0.30,4.3,3.9,4.7,0.37,4.6,4.2,5.0,0.34,,10,9,11,1.84,,,,9,5,13,15,14,17,7,4,11,8,7,8,21,18,24,0.01,36,28,45,1.21,7.7,0.50,28,20,35,0.66,85,-1.00,21,20,22,-0.24,25,61,41,35,47,0.89,812,767.5,2.04,32,30,35,0.88,,,,,,,66,60,73,16,9,27,22,19,24,4667,6,5,7,-0.63,89,85,1177:1,-1.36,62,60,1678:1,-0.48,160,154,650:1,0.19,5477,0.50,,,6216,3217,5432,47,-0.77,,34,48,41,48,49,-0.74,,42,32,44,51,65733,72701,90,90,91,-0.21,15334,24613,62,59,66,0.02,2577,48905,5.3,1.05,22,15,28,0.75,,15,50,31,15,100332,20591,4.9,0.75,7470,23483,32,28,36,1.35,159,15.2,-0.10,417,390,0.75,411,78,70,85,-0.07,,,,,,,75,59,94,,,,81,72,90,7.8,-1.86,No,-0.69,13,11,14,11,10,12,1,1,2,1,1,1,0.40,85,84,86,0.68,,,,77,46,100,80,75,85,75,65,85,88,87,89,45703,14,12,15,-1.79,
17117,Illinois,Macoupin,,665,7833,6850,8816,0.15,,,,,,,,,,,,,,,,,,,,,17,15,19,-0.29,4.2,3.8,4.7,0.22,4.6,4.2,5.0,0.30,,10,9,11,1.54,,,,,,,,,,,,,,,,21,18,25,0.11,24,15,34,-1.37,8.1,-0.04,22,14,30,-0.70,61,0.29,21,20,23,-0.03,9,27,33,23,43,0.28,95,209.0,-0.66,21,18,24,-0.29,,,,,,,,,,,,,,,,2113,6,5,7,-0.50,11,24,4119:1,0.84,16,36,2808:1,0.41,26,58,1728:1,0.85,4893,0.01,,,,,,45,-0.30,,,47,50,45,38,0.71,,,30,51,38,29482,32287,91,90,93,-0.49,6325,10347,61,56,66,0.17,989,23125,4.3,-0.19,18,13,24,0.20,,1,14,72,20,105032,23737,4.4,0.05,2079,9681,21,17,26,-0.15,76,16.8,-0.42,75,170,-0.33,213,94,81,106,0.84,,,,,,,,,,,,,,,,9.0,0.61,No,-0.69,11,10,13,9,8,11,1,1,2,1,1,1,-0.06,84,83,85,0.43,,,,,,,,,,,,,,,,20225,44,41,47,0.93,
17119,Illinois,Madison,,3971,8831,8408,9255,0.74,,,,,,,,,13709,12021,15397,,3781,2492,5501,,8588,8135,9041,,16,14,19,-0.61,4.0,3.6,4.4,-0.52,4.5,4.2,4.9,0.13,,8,8,9,0.59,,,,6,3,9,14,12,15,7,5,8,8,7,8,21,17,24,-0.25,36,31,41,1.19,7.6,0.64,27,22,32,0.51,81,-0.80,23,22,24,1.30,54,169,32,28,36,0.17,1335,503.0,0.76,21,20,22,-0.34,,,,,,,46,41,51,29,23,37,17,16,18,13200,6,5,7,-0.33,121,46,2186:1,0.06,229,87,1148:1,-1.49,450,171,584:1,0.07,5086,0.17,,5735,7216,2227,4980,44,-0.06,,30,42,35,44,52,-1.14,,51,37,48,53,170977,184938,92,92,93,-0.85,48116,67834,71,68,73,-1.07,5291,134999,3.9,-0.64,15,10,19,-0.38,,3,47,30,13,116595,25440,4.6,0.30,14444,58059,25,23,27,0.34,360,13.6,0.22,581,249,0.06,1268,96,90,101,0.97,,,,,,,91,74,108,35,19,57,100,94,105,9.9,2.46,Yes,1.44,13,12,13,11,10,12,1,1,1,1,1,1,0.41,86,85,86,0.79,,,,78,76,80,74,68,81,73,66,80,86,85,87,125422,38,37,40,0.46,
17121,Illinois,Marion,,700,10756,9498,12015,1.89,,,,,,,,,,,,,,,,,,,,,20,17,23,0.94,4.6,4.1,5.0,1.08,4.8,4.4,5.3,1.11,,9,8,10,1.17,,,,,,,15,10,19,,,,9,8,10,23,20,27,0.97,24,16,35,-1.30,7.1,1.32,33,22,43,1.85,65,0.11,21,19,22,-0.75,11,43,26,18,34,-0.34,254,670.1,1.57,41,37,46,1.80,,,,,,,42,27,62,,,,41,37,46,2012,7,6,8,0.30,13,35,2894:1,0.46,16,43,2325:1,0.13,122,328,305:1,-1.01,6958,1.72,,,10858,10167,6822,41,0.65,,,48,27,41,48,-0.61,,46,35,49,48,23341,26236,89,88,90,0.25,5337,8826,60,56,65,0.25,791,17680,4.5,0.06,23,15,31,0.97,,74,41,44,26,91241,20082,4.5,0.23,2234,8655,26,21,30,0.48,83,22.1,-1.49,128,347,0.54,193,102,88,116,1.33,,,,,,,125,65,219,,,,102,87,117,9.0,0.61,No,-0.69,12,11,14,9,8,11,2,1,3,2,1,2,0.27,86,84,87,0.77,,,,,,,,,,,,,,,,15848,25,22,27,-0.80,
17123,Illinois,Marshall,,205,8326,6364,10288,0.44,,,,,,,,,,,,,,,,,,,,,17,15,19,-0.41,4.1,3.7,4.5,-0.13,4.5,4.1,4.9,0.11,,8,6,10,0.17,,,,,,,,,,,,,,,,21,18,24,0.07,25,14,38,-1.13,8.4,-0.45,24,15,35,-0.12,58,0.45,22,21,24,0.60,7,15,47,34,58,1.34,17,144.9,-0.97,29,23,38,0.56,,,,,,,,,,,,,,,,516,6,5,7,-0.50,1,9,11534:1,1.40,4,35,2860:1,0.43,,,,0.00,3829,-0.86,,,,,,43,0.17,,,,,,44,-0.08,,,,,,7805,8404,93,91,94,-0.98,1522,2414,63,56,71,-0.08,258,5366,4.8,0.48,14,9,19,-0.57,,,,32,17,106917,24994,4.3,-0.18,367,2395,15,11,20,-1.04,21,18.2,-0.71,18,161,-0.38,42,72,52,97,-0.42,,,,,,,,,,,,,,,,8.7,-0.01,No,-0.69,9,7,11,8,6,10,1,0,2,0,0,1,-0.82,84,82,85,0.25,,,,,,,,,,,,,,,,5213,48,43,53,1.30,
17125,Illinois,Mason,,252,8505,6677,10332,0.55,,,,,,,,,,,,,,,,,,,,,19,16,21,0.50,4.4,4.0,4.9,0.65,4.7,4.3,5.1,0.77,,7,5,9,-0.55,,,,,,,,,,,,,,,,23,20,26,0.87,28,17,40,-0.59,7.2,1.18,24,14,37,-0.17,55,0.65,22,20,23,0.04,3,10,30,13,48,0.01,40,291.7,-0.26,29,23,36,0.53,,,,,,,,,,,,,,,,654,6,5,7,-0.18,3,22,4522:1,0.91,5,37,2672:1,0.34,4,30,3340:1,1.04,3892,-0.81,,,,,,44,-0.06,,,,,,38,0.71,,,,,,8796,9863,89,88,90,0.18,1643,3004,55,48,62,0.98,338,6342,5.3,1.13,20,12,27,0.42,,,,,,94908,24368,3.9,-0.79,589,2817,21,14,28,-0.23,20,14.7,-0.01,36,364,0.63,64,94,73,120,0.89,,,,,,,,,,,,,,,,8.5,-0.42,No,-0.69,10,8,12,9,7,11,1,0,2,1,0,1,-0.36,79,76,82,-0.86,,,,,,,,,,,,,,,,6229,44,39,49,0.96,
17127,Illinois,Massac,,267,9756,7785,11727,1.29,,,,,,,,,,,,,,,,,,,,,20,17,22,1.04,4.6,4.2,5.0,1.19,4.9,4.5,5.3,1.48,,8,7,10,0.53,,,,,,,,,,,,,,,,24,21,27,1.09,35,23,47,0.93,7.5,0.77,30,20,43,1.31,77,-0.57,20,19,21,-1.00,7,19,37,25,49,0.56,56,390.4,0.22,35,28,42,1.18,,,,,,,58,32,95,,,,33,26,41,693,6,5,7,-0.15,3,21,4693:1,0.94,5,36,2754:1,0.38,44,319,313:1,-0.95,5426,0.45,,,4329,,5416,45,-0.30,,,52,,45,47,-0.48,,,32,,48,8695,10021,87,85,89,0.94,2014,3203,63,55,71,-0.05,316,5652,5.6,1.46,24,15,33,1.15,,,48,37,16,90535,19253,4.7,0.48,670,3204,21,14,28,-0.23,24,17.0,-0.47,47,318,0.40,64,89,69,114,0.60,,,,,,,,,,,,,,,,9.0,0.61,No,-0.69,16,12,19,13,10,17,2,1,3,0,0,1,1.38,86,80,91,0.81,,,,,,,,,,,,,,,,5602,29,24,34,-0.39,
17129,Illinois,Menard,,162,6587,4900,8273,-0.59,,,,,,,,,,,,,,,,,,,,,15,13,17,-1.21,3.8,3.4,4.3,-0.93,4.4,4.0,4.8,-0.47,,8,6,10,0.17,,,,,,,,,,,,,,,,20,16,23,-0.67,27,15,41,-0.65,9.0,-1.26,21,12,33,-0.89,42,1.34,22,21,24,0.78,4,8,50,32,65,1.61,28,228.7,-0.56,12,8,17,-1.33,,,,,,,,,,,,,,,,508,5,4,6,-1.19,5,41,2458:1,0.24,2,16,6098:1,1.12,5,41,2439:1,0.96,4586,-0.24,,,,,,45,-0.30,,,,,,40,0.44,,,,,,8217,8735,94,93,95,-1.36,1767,2780,64,55,72,-0.14,247,6542,3.8,-0.82,13,8,18,-0.74,,,,24,18,125386,34149,3.7,-1.14,607,2694,23,15,30,0.00,12,9.8,1.01,10,84,-0.76,56,91,69,118,0.68,,,,,,,,,,,,,,,,8.4,-0.63,No,-0.69,10,7,12,8,6,10,2,0,4,1,0,1,-0.44,83,79,87,0.11,,,,,,,,,,,,,,,,6180,46,40,51,1.11,
17131,Illinois,Mercer,,225,7148,5501,8795,-0.26,,,,,,,,,,,,,,,,,,,,,16,14,18,-0.68,4.0,3.6,4.4,-0.51,4.5,4.1,4.8,-0.18,,8,6,9,-0.17,,,,,,,,,,,,,,,,21,18,24,-0.14,34,24,46,0.74,8.3,-0.31,22,14,32,-0.59,54,0.67,23,21,24,1.08,1,4,25,2,54,-0.39,34,217.7,-0.62,20,16,26,-0.43,,,,,,,,,,,,,,,,649,5,5,6,-1.01,1,6,15601:1,1.48,3,19,5146:1,1.01,2,13,7719:1,1.16,3501,-1.13,,,,,,45,-0.30,,,,,,46,-0.35,,,,,,10236,11135,92,91,93,-0.68,2171,3366,64,58,71,-0.26,407,8168,5.0,0.69,12,8,17,-0.80,,,,4,16,102850,28680,3.6,-1.27,549,3364,16,11,21,-0.90,26,16.7,-0.40,15,96,-0.70,65,83,64,106,0.24,,,,,,,,,,,,,,,,8.6,-0.22,No,-0.69,9,7,12,8,6,10,1,0,1,1,0,2,-0.61,88,86,91,1.48,,,,,,,,,,,,,,,,7441,47,42,51,1.20,
17133,Illinois,Monroe,,303,4069,3324,4814,-2.09,,,,,,,,,,,,,,,,,,,,,13,11,15,-2.20,3.3,3.0,3.8,-2.24,4.0,3.6,4.4,-1.64,,8,7,9,-0.07,,,,,,,,,,,,,,,,17,14,20,-1.75,32,23,43,0.45,9.2,-1.53,19,12,28,-1.31,78,-0.62,24,22,25,1.83,4,16,25,12,39,-0.39,62,181.8,-0.79,7,5,9,-1.86,,,,,,,,,,,,,,,,1063,4,3,4,-2.47,13,38,2641:1,0.34,28,81,1237:1,-1.26,48,139,722:1,0.29,5375,0.41,,,,,,53,-2.19,,,,,,52,-1.14,,,,,,23170,24144,96,95,97,-1.96,6772,8178,83,76,89,-2.57,589,18902,3.1,-1.65,4,2,5,-2.27,,46,,,3,151125,36515,4.1,-0.40,1004,7642,13,9,17,-1.36,52,15.1,-0.09,11,31,-1.02,90,53,42,65,-1.52,,,,,,,,,,,,,,,,9.2,1.02,No,-0.69,10,8,13,9,7,12,1,0,1,1,0,1,-0.33,85,83,87,0.68,,,,,,,,,,,,,,,,17859,53,49,57,1.78,
17135,Illinois,Montgomery,,414,8123,6836,9410,0.32,,,,,,,,,,,,,,,,,,,,,19,16,21,0.53,4.4,3.9,4.8,0.50,4.6,4.2,5.1,0.43,,9,8,10,0.84,,,,,,,,,,,,,,,,23,19,26,0.74,31,21,42,0.11,7.8,0.37,27,18,38,0.40,45,1.19,21,20,22,-0.42,8,36,22,14,32,-0.61,82,284.8,-0.29,24,20,28,-0.02,,,,,,,,,,,,,,,,1249,6,5,7,-0.39,14,49,2043:1,-0.06,17,60,1671:1,-0.49,21,74,1353:1,0.74,4632,-0.20,,,,,,45,-0.30,,,,,,31,1.63,,,,,,18372,20953,88,85,90,0.65,4015,7117,56,51,61,0.76,616,11823,5.2,0.98,22,15,29,0.76,,,,55,28,97264,21110,4.6,0.34,1720,5722,30,20,41,1.10,44,15.4,-0.14,37,132,-0.52,128,89,74,105,0.59,,,,,,,,,,,,,,,,8.8,0.20,Yes,1.44,10,9,12,9,7,10,1,1,2,1,0,2,-0.31,86,83,90,0.92,,,,,,,,,,,,,,,,11393,32,29,36,-0.09,
17137,Illinois,Morgan,,530,7858,6737,8979,0.16,,,,,,,,,,,,,,,,,,,,,18,16,20,0.13,4.3,3.9,4.7,0.41,4.6,4.2,5.0,0.23,,10,9,11,1.75,,,,,,,15,10,19,,,,9,8,10,22,19,25,0.26,38,26,49,1.61,7.3,1.04,29,19,40,1.03,63,0.22,22,21,23,0.15,10,22,45,35,55,1.25,181,535.5,0.92,21,18,25,-0.30,,,,,,,40,26,61,,,,21,17,24,1340,5,5,6,-0.91,13,38,2614:1,0.33,17,51,1980:1,-0.14,36,107,935:1,0.51,4733,-0.12,,,,,,46,-0.54,,,46,,46,44,-0.08,,,32,50,44,21626,23794,91,90,92,-0.36,4889,8182,60,54,66,0.34,668,16578,4.0,-0.50,17,11,24,0.03,,,14,,20,95604,21489,4.4,0.09,1902,6420,30,24,36,1.03,48,14.1,0.12,56,169,-0.34,128,75,62,88,-0.22,,,,,,,79,38,146,,,,78,64,92,8.5,-0.42,Yes,1.44,12,10,14,10,8,12,1,0,2,1,1,2,0.11,83,81,85,-0.02,,,,,,,,,,,,,,,,15344,26,23,30,-0.64,
17139,Illinois,Moultrie,,171,5415,4053,6778,-1.29,,,,,,,,,,,,,,,,,,,,,17,15,20,-0.10,4.2,3.7,4.7,0.15,4.6,4.1,5.1,0.36,,7,5,8,-0.82,,,,,,,,,,,,,,,,22,18,25,0.33,24,14,38,-1.24,9.1,-1.40,23,13,36,-0.54,69,-0.13,23,21,24,0.97,2,10,20,5,39,-0.79,39,265.5,-0.39,17,13,22,-0.74,,,,,,,,,,,,,,,,1013,9,7,10,1.95,5,34,2943:1,0.48,2,14,7251:1,1.21,19,131,763:1,0.35,6119,1.02,,,,,,46,-0.54,,,,,,47,-0.48,,,,,,8385,9894,85,82,87,1.58,2125,3402,62,56,69,0.00,254,7638,3.3,-1.38,13,8,17,-0.77,,,,11,9,104781,28818,3.6,-1.19,435,3647,12,5,19,-1.54,20,13.6,0.23,,,0.00,63,86,66,109,0.38,,,,,,,,,,,,,,,,8.6,-0.22,No,-0.69,10,7,12,7,5,10,2,1,3,1,1,2,-0.51,77,73,82,-1.37,,,,,,,,,,,,,,,,6941,37,32,42,0.33,
17141,Illinois,Ogle,,676,6859,6011,7707,-0.43,,,,,,,,,,,,,,,,,,,,,17,15,19,-0.33,4.1,3.7,4.5,-0.22,4.4,4.0,4.8,-0.46,,7,6,8,-0.82,,,,,,,,,,6,4,8,7,6,8,20,17,23,-0.29,37,28,45,1.33,8.5,-0.58,31,23,39,1.36,62,0.26,22,21,24,0.81,12,35,34,25,43,0.35,142,278.1,-0.32,16,14,18,-0.88,,,,,,,,,,30,22,39,13,11,16,3079,7,6,9,0.96,31,61,1643:1,-0.49,20,39,2532:1,0.26,76,150,666:1,0.21,4208,-0.55,,,,2099,4246,39,1.12,,,,26,40,51,-1.01,,,48,38,51,32094,35569,90,89,92,-0.15,7547,11827,64,59,68,-0.17,1215,25162,4.8,0.50,13,9,17,-0.70,,,29,20,13,111703,29052,3.8,-0.86,1993,11502,17,14,20,-0.75,70,13.7,0.20,29,71,-0.82,160,63,53,72,-0.94,,,,,,,,,,,,,,,,9.1,0.81,No,-0.69,13,11,15,11,9,13,2,1,3,1,0,1,0.59,81,80,83,-0.30,,,,,,,,,,73,67,79,80,78,82,24628,38,35,41,0.40,
17143,Illinois,Peoria,,2510,8579,8088,9070,0.59,,,,,,,,,15737,14228,17245,,3581,2317,5286,,7311,6775,7847,,17,15,20,-0.20,4.1,3.7,4.4,-0.27,4.3,4.0,4.7,-0.67,,10,9,10,1.70,,,,7,6,9,15,14,16,7,5,8,8,7,8,19,16,22,-0.92,39,32,46,1.76,7.8,0.37,22,17,28,-0.59,82,-0.84,19,18,20,-2.30,28,76,37,31,43,0.56,1737,949.1,2.92,33,31,35,0.95,,,,,,,73,69,78,37,30,45,17,15,18,10146,7,6,8,0.46,222,123,814:1,-2.74,155,87,1156:1,-1.47,449,251,399:1,-0.48,4056,-0.68,,,6919,2573,3757,48,-1.01,,49,50,38,47,52,-1.14,,56,38,48,53,111737,122900,91,90,92,-0.37,33368,47302,71,68,73,-1.02,4368,85453,5.1,0.86,22,16,28,0.81,4,5,46,29,10,109800,21635,5.1,1.07,14053,43358,32,30,35,1.44,248,13.7,0.20,979,524,1.42,745,82,76,87,0.15,,,,,,,110,95,125,25,12,45,81,74,88,7.6,-2.28,No,-0.69,14,13,15,12,11,13,1,1,2,1,1,1,0.76,83,82,84,0.13,,,,82,75,90,78,75,82,79,75,83,87,86,87,80295,14,13,16,-1.72,
17145,Illinois,Perry,,312,7086,5802,8370,-0.30,,,,,,,,,,,,,,,,,,,,,20,18,23,1.17,4.5,4.2,4.9,1.04,4.7,4.4,5.1,0.83,,7,6,9,-0.47,,,,,,,,,,,,,,,,24,21,27,1.23,28,18,41,-0.42,7.3,1.04,23,15,34,-0.45,79,-0.69,21,20,22,-0.23,7,18,39,26,51,0.72,66,310.1,-0.17,33,27,39,0.96,,,,,,,,,,,,,,,,834,6,5,6,-0.77,11,52,1925:1,-0.17,7,33,2988:1,0.49,40,191,523:1,-0.07,4986,0.09,,,8836,,4921,39,1.12,,,50,,39,34,1.24,,,22,,34,12837,15409,83,81,85,2.03,2773,5672,49,43,55,1.71,431,8391,5.1,0.89,18,12,25,0.20,,,66,25,24,93769,20139,4.7,0.41,1393,4032,35,26,43,1.75,55,26.0,-2.29,28,131,-0.52,74,70,55,87,-0.54,,,,,,,,,,,,,,,,9.0,0.61,Yes,1.44,13,10,15,11,9,14,1,0,1,1,0,2,0.42,83,81,86,0.20,,,,,,,,,,,,,,,,8047,36,31,40,0.20,
17147,Illinois,Piatt,,175,6109,4575,7643,-0.88,,,,,,,,,,,,,,,,,,,,,14,12,16,-1.83,3.5,3.1,4.0,-1.72,4.2,3.7,4.6,-1.21,,6,5,8,-1.23,,,,,,,,,,,,,,,,18,15,21,-1.23,25,15,37,-1.11,9.3,-1.67,24,14,36,-0.31,60,0.36,23,22,25,1.51,4,8,50,32,65,1.61,47,285.8,-0.29,13,10,17,-1.17,,,,,,,,,,,,,,,,722,5,5,6,-0.90,9,55,1822:1,-0.27,5,31,3269:1,0.59,10,61,1634:1,0.82,3030,-1.52,,,,,,51,-1.72,,,,,,49,-0.74,,,,,,10875,11584,94,92,95,-1.30,2831,3805,74,66,83,-1.51,313,8632,3.6,-1.01,8,5,10,-1.64,,,,3,4,117422,32748,3.6,-1.27,591,3696,16,10,22,-0.95,24,14.6,0.02,25,167,-0.35,56,68,52,89,-0.62,,,,,,,,,,,,,,,,8.4,-0.63,No,-0.69,7,5,8,5,4,7,1,0,1,1,0,2,-1.51,88,85,90,1.30,,,,,,,,,,,,,,,,8211,38,33,43,0.39,
17149,Illinois,Pike,,255,8960,7136,10785,0.82,,,,,,,,,,,,,,,,,,,,,19,17,22,0.81,4.5,4.0,5.0,0.85,4.8,4.3,5.2,0.97,,7,5,8,-0.93,,,,,,,,,,,,,,,,24,20,27,1.05,29,19,40,-0.23,7.8,0.37,25,15,36,0.00,58,0.48,21,19,22,-0.67,10,19,53,42,62,1.82,37,233.9,-0.54,30,24,36,0.59,,,,,,,,,,,,,,,,845,7,6,8,0.56,9,58,1735:1,-0.37,9,58,1729:1,-0.41,14,90,1112:1,0.63,4586,-0.24,,,,,,42,0.41,,,,,,22,2.82,,,,,,9710,10948,89,87,91,0.34,1892,3522,54,47,60,1.10,306,7057,4.3,-0.12,21,14,27,0.58,,,,16,16,94851,20683,4.6,0.30,751,3543,21,15,28,-0.19,15,9.6,1.04,15,94,-0.71,69,87,68,111,0.49,,,,,,,,,,,,,,,,8.5,-0.42,No,-0.69,10,8,13,8,6,10,1,1,2,1,1,2,-0.29,78,75,81,-1.14,,,,,,,,,,,,,,,,6725,40,35,45,0.62,
17151,Illinois,Pope,x,,,,,0.00,,,,,,,,,,,,,,,,,,,,,18,15,20,0.09,4.3,3.8,4.7,0.27,4.7,4.3,5.1,0.56,x,10,6,14,1.99,,,,,,,,,,,,,,,,22,19,26,0.55,26,15,38,-1.01,7.5,0.77,21,13,32,-0.85,98,-1.69,22,21,23,0.57,2,4,50,22,71,1.61,4,92.5,-1.22,30,19,45,0.62,,,,,,,,,,,,,,,,225,8,6,9,1.03,,,,0.00,,,,0.00,2,48,2089:1,0.92,6882,1.65,,,,,,43,0.17,,,,,,30,1.76,,,,,,2865,3332,86,82,90,1.19,375,743,50,33,68,1.51,94,1693,5.6,1.41,23,14,32,1.00,,,,,,86853,13702,6.3,3.00,84,626,13,4,23,-1.32,9,21.4,-1.35,,,0.00,19,90,54,141,0.64,,,,,,,,,,,,,,,,8.8,0.20,No,-0.69,8,5,11,6,2,9,1,0,3,1,0,2,-1.20,85,78,93,0.67,,,,,,,,,,,,,,,,1102,66,49,84,2.98,
17153,Illinois,Pulaski,,124,10956,7740,14172,2.01,,,,,,,,,,,,,,,,,,,,,24,22,26,2.95,5.0,4.7,5.4,2.36,5.0,4.7,5.3,1.80,,11,8,14,2.85,,,,,,,11,6,16,,,,12,8,15,25,23,28,1.74,19,10,33,-2.48,6.7,1.86,18,9,30,-1.53,66,0.01,18,18,19,-2.74,2,9,22,6,42,-0.61,27,490.1,0.70,38,27,51,1.43,,,,,,,25,12,44,,,,50,34,72,304,7,6,8,0.74,,,,0.00,,,,0.00,2,37,2668:1,0.99,4781,-0.08,,,5916,,4229,45,-0.30,,,54,,43,37,0.84,,,22,,43,3456,3894,89,86,92,0.32,655,1166,56,45,68,0.79,131,1996,6.6,2.68,34,21,47,2.87,,,44,,29,70417,14567,4.8,0.69,477,1206,40,30,50,2.48,13,23.8,-1.85,17,351,0.56,25,91,59,134,0.67,,,,,,,,,,,,,,,,8.9,0.40,No,-0.69,12,9,16,10,7,14,1,0,2,2,1,3,0.38,85,80,89,0.49,,,,,,,,,,,,,,,,1783,45,36,55,1.10,
17155,Illinois,Putnam,x,,,,,0.00,,,,,,,,,,,,,,,,,,,,,16,14,18,-0.88,3.9,3.5,4.3,-0.74,4.3,4.0,4.7,-0.60,,7,4,10,-0.46,,,,,,,,,,,,,,,,20,17,23,-0.36,26,16,38,-0.86,8.9,-1.13,19,11,30,-1.46,50,0.92,23,22,24,1.43,5,7,71,58,81,3.00,13,227.0,-0.57,13,7,22,-1.18,,,,,,,,,,,,,,,,250,6,5,6,-0.75,1,17,5740:1,1.08,2,35,2870:1,0.44,,,,0.00,3880,-0.82,,,,,,47,-0.77,,,,,,46,-0.35,,,,,,3924,4233,93,91,95,-0.93,725,1200,60,52,68,0.26,154,3066,5.0,0.75,14,9,18,-0.60,,,,15,17,102652,32062,3.2,-1.88,274,1115,25,14,35,0.30,0,0.0,2.99,1,12,-1.12,24,84,54,125,0.31,,,,,,,,,,,,,,,,8.6,-0.22,Yes,1.44,8,5,10,7,4,10,1,0,2,0,0,1,-1.21,86,84,89,1.00,,,,,,,,,,,,,,,,2827,31,26,37,-0.17,
17157,Illinois,Randolph,,469,8030,6838,9221,0.27,,,,,,,,,,,,,,,,,,,,,20,18,23,1.21,4.5,4.1,5.0,0.97,4.6,4.2,5.0,0.39,,8,6,9,-0.21,,,,,,,13,7,19,,,,7,6,8,24,21,27,1.17,38,26,51,1.61,8.4,-0.45,23,14,33,-0.47,69,-0.11,22,20,23,0.03,8,28,29,19,39,-0.10,84,259.1,-0.42,31,26,35,0.69,,,,,,,45,26,74,60,29,111,29,24,33,1325,6,5,7,-0.45,15,47,2140:1,0.02,11,35,2889:1,0.44,36,113,883:1,0.47,5439,0.46,,,3575,,5445,42,0.41,,,46,,42,31,1.63,,,11,,31,19781,23455,84,83,86,1.71,4404,8572,51,46,57,1.40,529,14371,3.7,-0.94,17,11,23,-0.04,,,20,35,19,96912,25226,3.8,-0.87,1412,6210,23,17,28,0.03,62,19.3,-0.93,30,97,-0.69,160,99,84,114,1.15,,,,,,,,,,,,,,,,8.5,-0.42,No,-0.69,8,6,10,6,5,8,1,0,2,1,1,2,-1.10,86,84,87,0.79,,,,,,,,,,,,,,,,12984,32,29,35,-0.11,
17159,Illinois,Richland,,237,7876,6303,9448,0.17,,,,,,,,,,,,,,,,,,,,,18,15,21,0.19,4.3,3.9,4.8,0.46,4.7,4.2,5.1,0.52,,7,5,8,-0.81,,,,,,,,,,,,,,,,22,18,26,0.33,22,13,34,-1.73,8.2,-0.18,20,12,32,-1.13,66,0.02,21,20,23,-0.03,1,9,11,1,33,-1.50,43,270.4,-0.36,33,27,40,0.96,,,,,,,,,,,,,,,,856,7,6,8,0.42,8,51,1970:1,-0.12,4,26,3878:1,0.77,72,464,215:1,-1.94,5121,0.20,,,,,,42,0.41,,,,,,49,-0.74,,,,,,9798,10995,89,86,92,0.20,2393,3593,67,58,75,-0.52,298,7273,4.1,-0.42,18,11,24,0.08,,,,60,12,94988,22237,4.3,-0.19,700,3620,19,13,26,-0.46,30,19.0,-0.88,54,334,0.48,57,72,55,93,-0.40,,,,,,,,,,,,,,,,8.8,0.20,No,-0.69,10,7,12,7,5,9,1,0,3,2,1,3,-0.48,84,81,88,0.48,,,,,,,,,,,,,,,,6987,22,18,27,-1.01,
17161,Illinois,Rock Island,,1975,7257,6748,7767,-0.19,,,,,,,,,11685,9820,13549,,4402,3397,5610,,7083,6481,7686,,18,16,20,0.18,4.1,3.7,4.5,-0.25,4.4,4.0,4.7,-0.49,,8,7,8,-0.21,,,,8,6,10,10,9,12,7,6,8,7,6,7,21,18,23,-0.22,35,29,41,0.91,8.0,0.09,23,18,28,-0.54,91,-1.31,21,21,22,-0.07,21,49,43,36,50,1.04,695,479.9,0.65,30,28,32,0.61,,,,23,13,37,63,55,71,35,31,40,22,20,24,7792,7,6,8,0.49,74,52,1939:1,-0.15,99,70,1433:1,-0.86,326,230,435:1,-0.33,4723,-0.13,,,7090,4123,4608,51,-1.72,,40,45,41,52,54,-1.40,,50,38,46,55,87853,99131,89,88,89,0.36,22168,34954,63,60,66,-0.12,3560,71937,4.9,0.65,21,17,26,0.69,40,22,47,25,13,104139,24065,4.3,-0.11,10808,32104,34,30,37,1.62,177,12.3,0.48,505,347,0.54,551,76,70,83,-0.15,,,,,,,59,44,79,35,24,50,88,80,96,7.1,-3.31,Yes,1.44,14,12,15,11,10,12,2,2,3,1,1,2,0.73,84,82,85,0.24,,,,73,66,80,68,61,75,77,71,83,88,87,89,66665,17,16,19,-1.45,
17163,Illinois,St. Clair,,3898,9679,9229,10129,1.25,,,,,,,,,14709,13733,15684,,3412,2248,4964,,7714,7208,8220,,19,17,21,0.68,4.3,3.9,4.6,0.25,4.3,4.0,4.6,-0.67,,10,10,11,1.96,,,,8,5,10,15,14,16,5,4,7,7,7,8,19,17,22,-0.76,37,31,43,1.38,7.3,1.04,32,26,37,1.62,86,-1.04,19,18,20,-2.01,60,171,35,31,39,0.42,2215,843.9,2.41,27,26,29,0.34,,,,,,,48,45,51,26,21,33,13,12,14,13396,6,5,7,-0.22,155,59,1684:1,-0.44,181,70,1435:1,-0.85,335,129,775:1,0.36,5982,0.91,,2363,9434,2885,4966,42,0.41,,32,38,29,44,45,-0.21,,38,31,41,49,162376,178334,91,90,92,-0.41,45474,67639,67,65,70,-0.60,5677,127362,4.5,0.04,20,15,25,0.49,,1,44,33,7,114485,22051,5.2,1.25,22167,61743,36,33,39,1.95,286,11.0,0.76,1590,615,1.87,1069,82,77,86,0.15,,,,,,,102,92,112,20,10,37,78,72,84,10.0,2.67,No,-0.69,15,14,16,14,13,15,1,1,2,1,1,1,1.24,83,82,84,0.17,,,,87,76,98,80,76,83,76,68,85,86,85,87,122774,35,33,36,0.13,
17165,Illinois,Saline,,506,11029,9468,12590,2.05,,,,,,,,,,,,,,,,,,,,,21,18,24,1.44,4.8,4.3,5.3,1.60,5.0,4.5,5.4,1.59,,9,8,10,1.18,,,,,,,14,6,21,,,,9,8,10,24,21,28,1.39,27,17,40,-0.65,5.8,3.08,35,23,48,2.30,66,0.04,20,19,21,-1.46,4,19,21,10,35,-0.70,111,460.5,0.56,45,38,51,2.19,,,,,,,,,,,,,,,,1199,6,5,8,0.02,15,63,1594:1,-0.56,8,34,2936:1,0.47,52,221,452:1,-0.28,6452,1.30,,,11333,,6346,36,1.83,,,26,,36,23,2.69,,,18,,23,14835,17113,87,85,88,0.97,3809,5709,67,60,73,-0.54,514,9702,5.3,1.09,25,16,34,1.27,,,8,9,31,89843,15707,5.7,2.09,1447,5179,28,21,34,0.79,46,19.2,-0.92,80,346,0.54,125,104,86,122,1.44,,,,,,,,,,,,,,,,8.9,0.40,No,-0.69,13,10,15,11,8,13,2,1,3,1,0,1,0.41,84,82,87,0.47,,,,,,,,,,,,,,,,9631,34,30,38,0.03,
17167,Illinois,Sangamon,,2639,7492,7040,7944,-0.05,,,,,,,,,12204,10686,13722,,,,,,6891,6413,7369,,16,14,19,-0.72,3.9,3.5,4.3,-0.77,4.3,4.0,4.8,-0.56,,10,10,11,2.22,,,,8,6,11,18,16,19,8,6,10,8,8,9,20,16,23,-0.65,34,28,41,0.87,8.1,-0.04,22,17,27,-0.70,83,-0.91,22,21,23,0.38,20,89,22,17,28,-0.59,1466,746.2,1.94,23,21,24,-0.13,,,,,,,51,46,56,36,26,48,15,14,17,8633,5,5,6,-0.91,239,122,817:1,-2.72,166,85,1173:1,-1.43,467,240,417:1,-0.40,5102,0.19,,3255,9437,,4816,46,-0.54,,34,38,26,47,52,-1.14,,54,37,44,53,126270,136572,92,92,93,-0.85,34883,49012,71,68,74,-1.10,4092,101644,4.0,-0.51,18,13,23,0.15,,10,54,16,15,119662,25134,4.8,0.58,15273,44025,35,32,37,1.77,374,19.1,-0.90,1567,815,2.86,785,80,74,85,0.05,,,,,,,80,65,95,,,,83,76,89,7.7,-2.07,No,-0.69,13,12,14,12,11,13,1,1,2,1,0,1,0.68,83,82,84,0.17,,,,88,81,94,70,66,74,82,74,90,86,85,86,92845,15,14,16,-1.69,
17169,Illinois,Schuyler,,121,8496,5676,11315,0.54,,,,,,,,,,,,,,,,,,,,,18,16,21,0.40,4.3,3.9,4.8,0.48,4.6,4.2,5.0,0.33,,7,4,9,-0.99,,,,,,,,,,,,,,,,23,19,26,0.60,25,14,38,-1.16,7.6,0.64,22,13,34,-0.63,35,1.71,21,20,23,-0.05,1,6,17,1,43,-1.06,11,156.4,-0.91,20,14,29,-0.40,,,,,,,,,,,,,,,,377,7,6,8,0.62,2,29,3454:1,0.67,,,,0.00,6,89,1128:1,0.64,4028,-0.70,,,,,,42,0.41,,,,,,40,0.44,,,,,,4645,5195,89,,,0.11,1014,1600,63,,,-0.12,138,3277,4.2,-0.27,17,10,23,-0.11,,,,,,91739,26190,3.5,-1.40,295,1304,23,13,33,0.02,11,15.9,-0.25,10,140,-0.48,36,104,73,144,1.44,,,,,,,,,,,,,,,,8.2,-1.04,No,-0.69,5,3,7,5,2,7,0,0,1,1,0,1,-1.97,77,70,84,-1.51,,,,,,,,,,,,,,,,2882,29,22,36,-0.36,
17171,Illinois,Scott,,76,7949,5193,11647,0.22,,,,,,,,,,,,,,,,,,,,,17,15,20,-0.14,4.2,3.8,4.6,0.12,4.6,4.2,5.0,0.37,,7,5,10,-0.24,,,,,,,,,,,,,,,,22,19,25,0.40,26,15,39,-1.01,8.7,-0.86,27,16,41,0.61,49,0.99,22,21,23,0.48,1,5,20,2,48,-0.79,17,339.9,-0.03,19,12,29,-0.52,,,,,,,,,,,,,,,,209,5,4,6,-1.05,,,,0.00,1,20,4951:1,0.98,,,,0.00,3970,-0.75,,,,,,53,-2.19,,,,,,38,0.71,,,,,,3321,3552,93,92,95,-1.18,589,1091,54,44,64,1.07,120,2530,4.7,0.39,17,11,23,-0.05,,,,,,101000,25148,4.0,-0.59,237,1096,22,12,32,-0.13,7,14.2,0.10,1,28,-1.04,22,88,55,133,0.52,,,,,,,,,,,,,,,,8.3,-0.83,No,-0.69,9,6,12,7,4,11,2,0,4,1,0,2,-0.67,83,78,87,-0.03,,,,,,,,,,,,,,,,2275,31,26,37,-0.17,
17173,Illinois,Shelby,,306,6919,5514,8324,-0.39,,,,,,,,,,,,,,,,,,,,,17,15,20,-0.15,4.2,3.8,4.7,0.11,4.6,4.2,5.0,0.33,,7,6,8,-0.48,,,,,,,,,,,,,,,,22,19,26,0.49,31,21,41,0.05,8.1,-0.04,27,18,38,0.47,51,0.85,21,20,23,-0.05,7,22,32,20,43,0.16,45,207.2,-0.67,26,22,31,0.23,,,,,,,,,,,,,,,,921,5,5,6,-0.88,6,28,3624:1,0.72,6,28,3606:1,0.70,8,37,2704:1,0.99,6085,1.00,,,,,,46,-0.54,,,,,,46,-0.35,,,,,,14377,15577,92,91,94,-0.80,2897,4682,62,55,69,0.07,417,10695,3.9,-0.67,13,8,18,-0.72,,,,33,11,94609,24239,3.9,-0.77,881,4634,19,13,25,-0.51,35,16.1,-0.28,9,52,-0.92,95,87,71,107,0.49,,,,,,,,,,,,,,,,8.7,-0.01,No,-0.69,10,8,12,8,6,10,2,1,3,1,0,2,-0.30,87,85,89,1.10,,,,,,,,,,,,,,,,10301,37,32,41,0.29,
17175,Illinois,Stark,,92,9214,6260,13079,0.97,,,,,,,,,,,,,,,,,,,,,18,16,21,0.38,4.4,4.0,4.9,0.71,4.8,4.3,5.2,0.89,,7,5,10,-0.51,,,,,,,,,,,,,,,,23,19,26,0.75,23,13,36,-1.56,7.7,0.50,23,14,37,-0.38,57,0.54,21,20,22,-0.28,1,6,17,1,43,-1.06,14,257.6,-0.42,21,13,30,-0.38,,,,,,,,,,,,,,,,262,6,5,7,-0.18,1,18,5427:1,1.05,1,19,5342:1,1.03,,,,0.00,2311,-2.12,,,,,,41,0.65,,,,,,43,0.05,,,,,,3542,3879,91,89,93,-0.49,636,1148,55,46,65,0.89,146,2555,5.7,1.61,17,11,24,0.05,,,,10,28,94143,22308,4.2,-0.27,218,1174,19,9,28,-0.57,11,20.3,-1.13,2,41,-0.97,28,101,67,146,1.26,,,,,,,,,,,,,,,,8.5,-0.42,No,-0.69,9,6,11,8,5,11,1,0,3,0,0,1,-0.89,84,80,87,0.28,,,,,,,,,,,,,,,,2454,45,38,52,1.06,
17177,Illinois,Stephenson,,613,6942,5994,7891,-0.38,,,,,,,,,11598,8394,15623,,,,,,6289,5310,7268,,17,15,20,-0.09,4.1,3.7,4.5,-0.25,4.5,4.2,4.9,-0.01,,9,8,10,1.03,,,,,,,14,11,16,6,3,9,8,7,9,21,18,24,0.00,38,28,48,1.65,8.3,-0.31,24,16,33,-0.31,66,0.05,21,20,22,-0.48,9,23,39,28,50,0.74,235,521.6,0.85,27,23,30,0.26,,,,,,,53,42,65,64,45,89,17,14,21,2118,6,5,7,-0.23,20,45,2238:1,0.10,22,49,2023:1,-0.10,95,213,468:1,-0.22,4334,-0.45,,,9457,9393,3992,37,1.59,,,32,44,37,51,-1.01,,27,37,36,53,29623,32015,93,91,94,-0.87,6348,9336,68,63,73,-0.70,955,21823,4.4,-0.07,18,11,25,0.22,,17,40,25,14,92145,21499,4.3,-0.17,3604,9690,37,32,43,2.13,69,15.4,-0.14,56,128,-0.54,225,100,87,113,1.20,,,,,,,86,54,129,,,,104,90,119,8.8,0.20,Yes,1.44,12,11,14,11,9,12,1,0,1,2,1,3,0.38,78,76,79,-1.27,,,,,,,52,44,60,,,,80,77,82,20654,27,25,30,-0.56,
17179,Illinois,Tazewell,,1680,6690,6177,7203,-0.53,,,,,,,,,,,,,,,,,,,,,15,13,17,-1.28,3.8,3.4,4.2,-1.02,4.4,3.9,4.8,-0.55,,6,6,7,-1.23,,,,8,3,12,11,6,16,7,4,10,6,6,7,19,16,23,-0.69,30,24,38,0.03,8.2,-0.18,26,20,33,0.23,84,-0.95,22,20,23,-0.01,7,48,15,8,23,-1.22,354,265.1,-0.39,20,18,22,-0.43,,,,,,,33,20,52,14,7,24,20,19,22,5306,5,4,6,-1.32,63,48,2100:1,-0.01,71,54,1856:1,-0.27,249,189,529:1,-0.05,4153,-0.60,,,,,,45,-0.30,,31,,32,45,55,-1.53,,54,44,61,55,86497,93288,93,92,94,-0.93,23089,33421,69,66,72,-0.84,2835,64182,4.4,-0.02,10,6,13,-1.23,,5,41,6,9,116244,30172,3.9,-0.85,5189,30315,17,15,19,-0.78,186,14.1,0.13,309,241,0.02,436,65,59,72,-0.78,,,,,,,,,,,,,,,,9.1,0.81,Yes,1.44,8,7,9,7,6,7,1,1,2,1,1,2,-1.05,87,86,88,1.16,,,,79,63,94,86,82,89,73,65,82,86,85,87,62011,24,23,26,-0.84,
17181,Illinois,Union,,310,9758,7957,11559,1.29,,,,,,,,,,,,,,,,,,,,,19,16,22,0.68,4.5,4.0,4.9,0.80,4.7,4.3,5.2,0.81,,6,5,7,-1.61,,,,,,,,,,,,,,,,23,19,26,0.59,31,19,45,0.24,7.6,0.64,25,15,38,0.02,54,0.67,21,20,22,-0.22,9,22,41,30,51,0.88,49,288.2,-0.28,26,21,32,0.21,,,,,,,,,,,,,,,,939,7,6,8,0.63,12,71,1403:1,-0.87,10,60,1665:1,-0.50,25,150,666:1,0.21,5381,0.42,,,15272,,5400,45,-0.30,,,,,,52,-1.14,,,46,47,52,10814,12232,88,86,91,0.42,2210,3985,55,48,63,0.88,424,7494,5.7,1.54,25,18,32,1.29,,,,59,21,93939,19872,4.7,0.52,846,3589,24,16,31,0.15,24,14.3,0.09,35,212,-0.12,65,76,59,97,-0.15,,,,,,,,,,,,,,,,9.0,0.61,No,-0.69,11,9,14,8,6,10,3,1,4,1,0,2,-0.03,85,82,88,0.61,,,,,,,,,,,,,,,,6852,44,38,49,0.92,
17183,Illinois,Vermilion,,1393,10624,9748,11500,1.81,,,,,,,,,18087,15219,20956,,,,,,9335,8418,10251,,21,19,23,1.62,4.8,4.4,5.2,1.63,4.9,4.6,5.2,1.46,,11,10,12,2.47,,,,,,,17,15,19,6,3,8,9,8,10,24,21,27,1.24,43,33,53,2.73,7.6,0.64,29,21,38,0.98,75,-0.46,20,19,21,-1.58,22,57,39,32,45,0.70,510,654.6,1.50,45,42,49,2.26,,,,,,,74,64,83,46,36,59,38,34,41,3948,7,6,8,0.19,31,40,2478:1,0.25,28,37,2706:1,0.36,236,312,321:1,-0.89,6683,1.49,,8715,10695,3843,6381,40,0.88,,29,37,36,41,34,1.24,,35,25,25,35,46728,52825,88,87,90,0.41,9014,18055,50,47,53,1.58,1711,33251,5.1,0.90,27,20,34,1.68,,3,62,25,20,90236,20358,4.4,0.06,6120,18432,33,29,37,1.55,113,14.7,0.00,549,705,2.32,379,98,88,108,1.08,,,,,,,143,114,178,56,28,100,93,82,104,8.7,-0.01,No,-0.69,12,11,13,10,9,11,2,1,2,1,0,1,0.18,84,83,86,0.45,,,,,,,77,67,87,81,69,93,85,84,87,31036,23,21,25,-0.94,
17185,Illinois,Wabash,,143,6472,4719,8226,-0.66,,,,,,,,,,,,,,,,,,,,,17,15,19,-0.30,4.2,3.7,4.6,-0.02,4.5,4.2,4.9,0.09,,7,6,9,-0.31,,,,,,,,,,,,,,,,21,18,24,-0.02,28,16,42,-0.44,8.5,-0.58,21,12,31,-0.96,72,-0.26,22,21,23,0.40,2,6,33,11,55,0.28,26,226.3,-0.58,32,25,41,0.88,,,,,,,,,,,,,,,,591,6,5,8,0.03,5,43,2310:1,0.15,5,43,2304:1,0.12,34,295,339:1,-0.78,4895,0.02,,,,,,43,0.17,,,,,,34,1.24,,,,,,7404,8174,91,88,93,-0.26,1750,2640,66,57,76,-0.48,226,5874,3.8,-0.73,18,11,24,0.10,,,,,,98856,20653,4.8,0.62,438,2566,17,9,25,-0.79,23,19.9,-1.06,18,157,-0.40,36,63,44,87,-0.95,,,,,,,,,,,,,,,,9.0,0.61,No,-0.69,10,7,13,8,5,11,2,0,3,2,0,3,-0.47,85,80,89,0.51,,,,,,,,,,,,,,,,5329,26,21,30,-0.67,
17187,Illinois,Warren,,240,7567,6020,9113,-0.01,,,,,,,,,,,,,,,,,,,,,18,16,20,0.21,4.2,3.8,4.6,0.06,4.4,4.0,4.8,-0.27,,7,5,8,-0.91,,,,,,,,,,6,3,9,7,5,8,21,18,24,-0.14,38,26,50,1.61,8.6,-0.72,30,20,43,1.22,65,0.08,21,20,22,-0.77,5,17,29,16,43,-0.04,50,291.3,-0.26,19,15,23,-0.56,,,,,,,,,,24,13,42,17,13,21,930,7,6,8,0.76,7,41,2433:1,0.23,6,36,2807:1,0.41,3,18,5615:1,1.12,4417,-0.38,,,,,,47,-0.77,,,,54,47,40,0.44,,36,,25,40,9711,11207,87,84,89,0.98,2248,3810,59,52,66,0.44,349,8556,4.1,-0.44,15,9,21,-0.38,,,15,26,16,92839,24524,3.8,-0.96,1131,3754,30,23,37,1.11,21,12.3,0.48,41,231,-0.03,56,65,49,85,-0.80,,,,,,,,,,,,,,,,8.5,-0.42,No,-0.69,9,7,12,6,4,7,4,2,5,1,0,1,-0.62,79,77,81,-0.89,,,,,,,,,,56,43,70,80,76,83,7803,22,18,25,-1.06,
17189,Illinois,Washington,,150,6266,4631,7901,-0.78,,,,,,,,,,,,,,,,,,,,,15,13,18,-1.11,3.8,3.4,4.2,-0.98,4.3,3.9,4.8,-0.61,,7,5,8,-0.90,,,,,,,,,,,,,,,,20,16,23,-0.57,31,20,43,0.05,8.9,-1.13,27,17,39,0.58,54,0.68,23,21,24,1.00,14,33,42,34,51,1.00,26,185.3,-0.77,22,16,28,-0.27,,,,,,,,,,,,,,,,524,5,4,5,-1.59,2,14,6998:1,1.20,4,29,3472:1,0.66,21,151,661:1,0.21,3628,-1.03,,,,,,47,-0.77,,,,,,47,-0.48,,,,,,9315,10102,92,91,93,-0.77,2395,3265,73,66,80,-1.38,259,10254,2.5,-2.39,11,7,15,-1.02,,,,51,8,107614,29946,3.6,-1.26,565,2992,19,14,24,-0.53,33,23.6,-1.80,46,332,0.47,81,115,91,143,2.09,,,,,,,,,,,,,,,,8.9,0.40,No,-0.69,9,7,11,7,5,10,1,0,2,1,0,1,-0.67,85,82,88,0.62,,,,,,,,,,,,,,,,6912,35,31,39,0.16,
17191,Illinois,Wayne,,242,8383,6653,10114,0.48,,,,,,,,,,,,,,,,,,,,,18,16,21,0.23,4.3,3.9,4.8,0.43,4.7,4.3,5.1,0.63,,8,6,9,0.06,,,,,,,,,,,,,,,,23,19,26,0.64,29,18,41,-0.35,7.7,0.50,25,15,36,-0.07,42,1.36,21,20,23,-0.20,4,14,29,14,44,-0.10,20,121.2,-1.08,36,30,43,1.31,,,,,,,,,,,,,,,,938,7,6,9,0.85,7,43,2333:1,0.16,4,25,4054:1,0.81,18,111,901:1,0.48,1855,-2.49,,,,,,40,0.88,,,,,,43,0.05,,,,,,10135,11525,88,86,90,0.57,2272,3664,62,55,69,0.06,335,7031,4.8,0.42,23,16,29,0.92,,,95,,18,88193,22649,3.9,-0.79,677,3720,18,13,24,-0.63,39,23.9,-1.86,44,283,0.23,74,90,71,113,0.66,,,,,,,,,,,,,,,,8.8,0.20,No,-0.69,9,7,12,6,5,8,2,1,3,2,1,2,-0.64,83,79,86,0.01,,,,,,,,,,,,,,,,7291,33,29,38,0.01,
17193,Illinois,White,,255,8461,6771,10151,0.52,,,,,,,,,,,,,,,,,,,,,18,16,21,0.22,4.4,3.9,4.8,0.57,4.8,4.4,5.2,0.89,,9,7,10,0.76,,,,,,,,,,,,,,,,23,20,26,0.73,29,18,42,-0.25,7.3,1.04,20,11,31,-1.15,36,1.67,21,20,23,-0.02,1,15,7,0,23,-1.85,21,150.7,-0.94,43,35,51,2.02,,,,,,,,,,,,,,,,705,7,6,8,0.21,4,29,3416:1,0.65,6,44,2256:1,0.09,16,118,846:1,0.43,5915,0.86,,,,,,38,1.36,,,,,,43,0.05,,,,,,8934,9933,90,88,92,-0.06,1929,3122,62,55,69,0.08,254,6663,3.8,-0.77,21,13,28,0.58,,76,,,18,89000,20706,4.3,-0.15,591,2960,20,14,26,-0.37,36,26.3,-2.36,24,278,0.20,60,86,66,111,0.41,,,,,,,,,,,,,,,,8.9,0.40,No,-0.69,10,7,12,8,5,10,1,0,2,1,0,2,-0.48,86,84,88,0.93,,,,,,,,,,,,,,,,5851,33,28,38,-0.02,
17195,Illinois,Whiteside,,808,7057,6244,7871,-0.31,,,,,,,,,,,,,3782,2513,5466,,7227,6316,8137,,17,15,20,-0.08,4.1,3.7,4.5,-0.14,4.3,3.9,4.6,-0.89,,6,5,7,-1.41,,,,,,,,,,4,3,6,6,6,7,21,18,23,-0.22,36,28,44,1.14,8.3,-0.31,26,19,33,0.19,72,-0.28,22,21,23,0.17,12,31,39,29,48,0.71,226,402.7,0.28,28,25,31,0.41,,,,,,,39,22,63,28,22,36,28,24,31,2726,6,5,7,-0.15,33,59,1686:1,-0.43,25,45,2207:1,0.05,80,145,690:1,0.25,4101,-0.64,,,872,2575,4191,43,0.17,,27,50,34,43,48,-0.61,,,32,44,48,35593,39288,91,89,92,-0.26,7665,12486,61,57,66,0.13,1230,28849,4.3,-0.21,17,11,22,-0.05,,,27,19,15,98360,25235,3.9,-0.78,2684,12476,22,18,25,-0.14,86,15.5,-0.15,106,191,-0.23,192,68,59,78,-0.61,,,,,,,,,,,,,,,,8.9,0.40,Yes,1.44,10,8,11,8,7,10,1,1,2,1,0,1,-0.54,84,82,86,0.31,,,,,,,,,,83,78,87,85,83,87,25942,19,17,21,-1.31,
17197,Illinois,Will,,6537,5866,5654,6079,-1.02,,,,,2359,1763,2954,,8968,8189,9747,,4086,3688,4484,,6046,5771,6321,,15,13,16,-1.39,3.4,3.1,3.8,-2.03,3.7,3.5,4.1,-2.68,,8,7,8,-0.14,,,,9,8,10,13,12,14,7,6,7,7,6,7,16,14,18,-2.23,34,31,38,0.83,9.1,-1.40,21,19,24,-0.82,97,-1.65,22,21,23,0.43,96,268,36,33,39,0.48,2928,422.7,0.38,12,11,12,-1.31,,,,3,2,4,23,22,25,21,19,22,7,6,7,35810,6,5,7,-0.39,382,55,1812:1,-0.28,390,56,1771:1,-0.36,867,126,797:1,0.38,5660,0.65,,5538,9086,4804,5369,43,0.17,,36,44,34,44,49,-0.74,,50,37,39,51,411184,451665,91,91,91,-0.40,121165,175203,69,68,71,-0.85,13634,357236,3.8,-0.77,9,7,11,-1.38,,5,22,16,4,154470,39528,3.9,-0.77,31359,173914,18,17,19,-0.65,478,6.9,1.59,1104,163,-0.37,1802,52,50,55,-1.54,,,,18,13,25,62,54,69,32,27,36,59,56,62,8.0,-1.45,No,-0.69,14,13,15,12,12,13,2,2,2,1,0,1,0.89,83,83,84,0.19,,,,78,75,81,80,77,82,81,80,83,85,84,85,345127,50,49,51,1.50,
17199,Illinois,Williamson,,1006,7480,6724,8236,-0.06,,,,,,,,,,,,,,,,,,,,,17,15,20,-0.09,4.1,3.7,4.5,-0.16,4.7,4.2,5.1,0.52,,9,8,10,0.87,,,,,,,13,9,17,,,,9,8,9,21,18,24,0.10,29,21,39,-0.23,8.0,0.09,27,19,36,0.56,76,-0.54,22,21,23,0.41,18,58,31,24,38,0.09,180,267.3,-0.38,28,25,31,0.44,,,,,,,39,27,55,,,,29,25,32,3276,6,5,7,-0.21,54,81,1242:1,-1.20,41,62,1624:1,-0.55,153,230,435:1,-0.33,6918,1.68,,,12663,5877,6823,43,0.17,,,40,54,43,42,0.18,,17,38,44,42,43923,47585,92,91,93,-0.80,11519,17340,66,62,71,-0.50,1381,32146,4.3,-0.17,18,12,25,0.22,,3,59,40,17,102531,21642,4.7,0.54,4203,14682,29,24,33,0.89,122,18.2,-0.71,40,63,-0.86,278,83,73,92,0.22,,,,,,,80,44,135,,,,86,75,96,9.2,1.02,No,-0.69,11,10,13,10,9,12,1,1,2,1,0,1,0.03,85,82,87,0.53,,,,,,,78,66,89,70,59,81,86,84,89,28589,27,24,29,-0.61,
17201,Illinois,Winnebago,,4349,9314,8895,9732,1.03,,,,,3799,2459,5609,,15077,13693,16462,,5749,4886,6612,,9026,8514,9538,,19,17,22,0.88,4.3,3.9,4.7,0.45,4.5,4.2,4.8,0.00,,9,9,9,0.91,,,,10,8,12,15,14,16,7,6,8,7,7,8,21,18,24,-0.09,30,25,35,-0.14,7.8,0.37,25,21,29,0.00,91,-1.32,19,18,19,-2.51,58,149,39,35,43,0.72,2108,740.2,1.91,28,27,29,0.40,,,,13,8,19,54,50,58,34,31,38,19,17,20,18367,8,7,9,1.39,212,75,1340:1,-0.99,237,84,1192:1,-1.38,571,202,495:1,-0.14,4700,-0.15,,1436,8502,4966,4431,42,0.41,,30,37,34,43,51,-1.01,21,51,35,42,52,170068,193982,88,87,88,0.66,40780,69300,59,57,61,0.45,7948,140238,5.7,1.55,27,23,31,1.61,37,22,50,36,12,105232,22844,4.6,0.33,21495,66884,32,30,34,1.40,283,10.0,0.97,2523,887,3.22,1414,99,94,104,1.17,,,,33,18,55,131,115,147,51,41,62,105,99,111,7.8,-1.86,Yes,1.44,15,14,16,13,12,14,2,2,2,1,1,2,1.23,83,82,84,0.14,,,,80,75,85,78,74,82,76,73,80,86,86,87,130323,23,22,24,-0.94,
17203,Illinois,Woodford,,375,6000,5033,6968,-0.94,,,,,,,,,,,,,,,,,,,,,13,11,16,-1.92,3.5,3.1,3.9,-1.86,4.1,3.7,4.6,-1.38,,6,5,7,-1.34,,,,,,,,,,,,,,,,18,14,21,-1.40,31,22,41,0.09,9.2,-1.53,21,13,30,-0.94,75,-0.45,24,23,26,2.32,5,17,29,16,43,-0.04,80,206.6,-0.67,12,10,14,-1.32,,,,,,,,,,,,,,,,1592,5,4,6,-1.21,20,52,1923:1,-0.17,7,18,5494:1,1.05,11,29,3496:1,1.05,3025,-1.53,,,,,,48,-1.01,,,,,,47,-0.48,,,,,,24695,26058,95,94,96,-1.58,6699,8753,77,71,82,-1.78,705,18870,3.7,-0.87,7,4,10,-1.74,,,1,10,7,137394,35683,3.9,-0.86,1335,9400,14,10,18,-1.21,55,14.3,0.08,25,73,-0.81,121,62,51,73,-0.96,,,,,,,,,,,,,,,,8.9,0.40,No,-0.69,8,6,10,7,6,9,1,0,1,1,0,1,-1.01,86,84,88,0.83,,,,,,,,,,,,,,,,18407,30,27,33,-0.29,
